Q5SME1	G0EDB5_PYRF1	1:1	1113391
Q5SMD2_THET8	G0EHP3_PYRF1	1:1	1100755
Q5SMD0_THET8	G0EE92_PYRF1	n:1	
Q5SMC2_THET8	G0EFE1_PYRF1	1:1	667697
Q5SMB6_THET8	G0EGW3_PYRF1	1:m	
Q5SMB6_THET8	G0ECS4_PYRF1	1:m	
Q5SM99_THET8	G0EE09_PYRF1	n:1	853751
Q56232	G0EH25_PYRF1	n:1	1004010
Q5SM87_THET8	G0EFF3_PYRF1	1:1	603631
Q5SM86_THET8	G0EFF4_PYRF1	1:1	
Q5SM84_THET8	G0EF74_PYRF1	1:1	1032790
Q5SM74_THET8	G0EEA1_PYRF1	1:1	
Q5SM73_THET8	G0EEA0_PYRF1	1:1	714111
Q5SM72_THET8	G0EE99_PYRF1	n:m	
Q5SM72_THET8	G0ECY0_PYRF1	n:m	
Q5SM60	G0EES8_PYRF1	1:1	1077515
Q56218	G0EDZ4_PYRF1	1:1	851737
Q56220	G0EDL3_PYRF1	1:1	
Q60019	G0EDL2_PYRF1	1:1	
Q56226	G0ED52_PYRF1	1:1	
Q56228	G0ED51_PYRF1	1:1	851702
Q56229	G0ED49_PYRF1	1:1	
Q5SM45	G0EGS0_PYRF1	1:1	1107700
Q5SM33_THET8	G0EHI9_PYRF1	1:1	1094608
Q5SM31_THET8	G0EDB4_PYRF1	1:1	604804
Q5SM29_THET8	G0EHQ9_PYRF1	1:1	1006234
Q5SM28	G0EDR3_PYRF1	1:1	1109743
Q5SM27	G0EHP6_PYRF1	1:1	
Q5SM25	G0EE05_PYRF1	1:1	
Q5SM15	G0EH85_PYRF1	1:1	822507
Q5SM14	G0EGD4_PYRF1	n:1	
Q5SM13_THET8	G0EH32_PYRF1	1:1	1096682
Q5SM11_THET8	G0EEG4_PYRF1	1:1	
Q5SM00_THET8	G0EGE9_PYRF1	1:1	
Q5SLZ1_THET8	G0ECU2_PYRF1	1:1	
Q5SLX0_THET8	G0EHI5_PYRF1	n:1	1099614
Q5SLW0_THET8	G0EEB1_PYRF1	1:1	
Q5SLV5	G0EEA2_PYRF1	1:1	1114074
Q5SLU3_THET8	G0EHG5_PYRF1	1:1	823359
Q5SLT8_THET8	G0EDR8_PYRF1	1:1	832483
Q5SLS1	G0EE65_PYRF1	1:1	1108498
Q5SLR9_THET8	G0EHH5_PYRF1	1:1	
Q5SLR3	G0EHA5_PYRF1	n:1	
Q5SLR0_THET8	G0EFI5_PYRF1	n:1	
Q5SLP7	G0EEN5_PYRF1	1:1	1113546
Q5SLP6	G0EEN4_PYRF1	1:1	1114269
P60339	G0EEY7_PYRF1	n:1	
Q5SLP1	G0EEX3_PYRF1	1:1	1093489
Q5SLN3_THET8	G0EF88_PYRF1	1:1	
Q5SLN2_THET8	G0EF87_PYRF1	1:1	
Q5SLN1	G0EGF0_PYRF1	1:1	851701
Q5SLM2	G0EED3_PYRF1	1:m	
Q5SLM2	G0EDJ8_PYRF1	1:m	
Q5SLL3	G0EDD8_PYRF1	1:1	1093806
Q5SLL0	G0EDD7_PYRF1	1:1	1102969
P59846	G0EDD6_PYRF1	1:1	1109859
Q5SLK6_THET8	G0EFI5_PYRF1	n:1	
Q5SLI7	G0EEC9_PYRF1	1:1	
Q5SLG5_THET8	G0EH65_PYRF1	1:1	
Q5SLF9_THET8	G0EE81_PYRF1	1:1	1040055
Q5SLF7	G0EEF8_PYRF1	1:1	
Q5SLF5_THET8	G0EEW7_PYRF1	1:1	
Q5SLF2_THET8	G0EDN1_PYRF1	1:1	1094237
Q5SLF1_THET8	G0EH25_PYRF1	n:1	
Q5SLE8	G0EGU1_PYRF1	1:1	1099521
Q5SLE6_THET8	G0EDR1_PYRF1	1:1	
Q5SLE4_THET8	G0EFX0_PYRF1	n:m	
Q5SLE4_THET8	G0EGU5_PYRF1	n:m	1016629
Q5SLE4_THET8	G0ECT5_PYRF1	n:m	
Q5SLD9_THET8	G0EE58_PYRF1	n:1	
Q5SLD8_THET8	G0EE57_PYRF1	n:1	
Q9LCX2	G0EHG1_PYRF1	1:1	1003005
Q5SLC6_THET8	G0EGR9_PYRF1	1:1	1114169
Q5SLC4_THET8	G0EE24_PYRF1	n:m	
Q5SLC4_THET8	G0EFG3_PYRF1	n:m	
Q5SLC0_THET8	G0EHP8_PYRF1	1:1	848565
Q5SLB9_THET8	G0EF43_PYRF1	1:1	
Q5SLB6_THET8	G0EE57_PYRF1	n:1	
Q5SL93_THET8	G0EF52_PYRF1	n:1	
Q5SL86	G0EFC1_PYRF1	1:1	1112626
Q5SL82_THET8	G0ECC0_PYRF1	1:1	1004013
Q5SL78_THET8	G0EE24_PYRF1	n:m	
Q5SL78_THET8	G0EFG3_PYRF1	n:m	
Q5SL69_THET8	G0ED44_PYRF1	1:1	
Q5SL66_THET8	G0EFZ4_PYRF1	1:1	
Q5SL65_THET8	G0EH79_PYRF1	1:1	
Q5SL64	G0ECK8_PYRF1	1:1	1059437
Q7SIC0	G0EF03_PYRF1	1:1	1113815
Q5SL62_THET8	G0EE72_PYRF1	1:1	
Q5SL57_THET8	G0EEJ5_PYRF1	n:m	
Q5SL57_THET8	G0EEN1_PYRF1	n:m	851846
Q5SL54_THET8	G0EG47_PYRF1	n:m	
Q5SL54_THET8	G0EGX1_PYRF1	n:m	
Q5SL54_THET8	G0EHE3_PYRF1	n:m	
Q5SL54_THET8	G0EHH9_PYRF1	n:m	
Q5SL54_THET8	G0ED35_PYRF1	n:m	
Q5SL54_THET8	G0ED36_PYRF1	n:m	
Q5SL54_THET8	G0EH68_PYRF1	n:m	
Q5SL54_THET8	G0ECV4_PYRF1	n:m	
Q5SL54_THET8	G0ECV5_PYRF1	n:m	
Q5SL54_THET8	G0ED47_PYRF1	n:m	
Q5SL54_THET8	G0ED72_PYRF1	n:m	
Q5SL46_THET8	G0EG47_PYRF1	n:m	
Q5SL46_THET8	G0EGX1_PYRF1	n:m	
Q5SL46_THET8	G0EHE3_PYRF1	n:m	
Q5SL46_THET8	G0EHH9_PYRF1	n:m	
Q5SL46_THET8	G0ED35_PYRF1	n:m	
Q5SL46_THET8	G0ED36_PYRF1	n:m	
Q5SL46_THET8	G0EH68_PYRF1	n:m	
Q5SL46_THET8	G0ECV4_PYRF1	n:m	
Q5SL46_THET8	G0ECV5_PYRF1	n:m	
Q5SL46_THET8	G0ED47_PYRF1	n:m	
Q5SL46_THET8	G0ED72_PYRF1	n:m	
Q5SL44_THET8	G0ED38_PYRF1	n:m	
Q5SL44_THET8	G0EF36_PYRF1	n:m	
Q5SL43_THET8	G0ECV3_PYRF1	n:1	
Q5SL41_THET8	G0EG47_PYRF1	n:m	
Q5SL41_THET8	G0EGX1_PYRF1	n:m	
Q5SL41_THET8	G0EHE3_PYRF1	n:m	
Q5SL41_THET8	G0EHH9_PYRF1	n:m	
Q5SL41_THET8	G0ED35_PYRF1	n:m	
Q5SL41_THET8	G0ED36_PYRF1	n:m	
Q5SL41_THET8	G0EH68_PYRF1	n:m	
Q5SL41_THET8	G0ECV4_PYRF1	n:m	
Q5SL41_THET8	G0ECV5_PYRF1	n:m	
Q5SL41_THET8	G0ED47_PYRF1	n:m	
Q5SL41_THET8	G0ED72_PYRF1	n:m	
Q5SL32_THET8	G0EE24_PYRF1	n:m	
Q5SL32_THET8	G0EFG3_PYRF1	n:m	
Q5SL27_THET8	G0EFH1_PYRF1	n:1	
Q5SL21_THET8	G0EDH8_PYRF1	n:m	
Q5SL21_THET8	G0EC64_PYRF1	n:m	851986
Q5SL20_THET8	G0EDH8_PYRF1	n:m	
Q5SL20_THET8	G0EC64_PYRF1	n:m	
Q5SL18_THET8	G0EDY8_PYRF1	1:m	
Q5SL18_THET8	G0EEP2_PYRF1	1:m	
Q5SL16_THET8	G0ECD7_PYRF1	1:m	
Q5SL16_THET8	G0ECQ9_PYRF1	1:m	1051342
Q5SL02_THET8	G0EC83_PYRF1	1:1	1113117
Q5SKZ0_THET8	G0EDY6_PYRF1	1:1	
Q5SKY3_THET8	G0EDL9_PYRF1	1:1	
Q5SKY1_THET8	G0ECU9_PYRF1	1:1	
Q5SKY0_THET8	G0ECB1_PYRF1	1:1	
Q5SKX9_THET8	G0EGR8_PYRF1	1:1	1078877
Q5SKX4_THET8	G0EHK6_PYRF1	1:1	
Q5SKX0	G0EEP5_PYRF1	1:1	1089658
Q5SKW9	G0EEG6_PYRF1	1:1	726002
Q5SKW8_THET8	G0EDV5_PYRF1	1:1	713598
Q5SKW7	G0EDV4_PYRF1	1:1	713597
Q5SKW5_THET8	G0EE42_PYRF1	n:1	
Q5SKV8_THET8	G0EEH8_PYRF1	1:m	
Q5SKV8_THET8	G0ECP5_PYRF1	1:m	1096384
Q5SKV6_THET8	G0EFX6_PYRF1	1:1	1113531
Q5SKV5_THET8	G0EFX7_PYRF1	1:1	839767
P56206	G0ECJ1_PYRF1	1:1	1114422
Q5SKU8_THET8	G0EDX5_PYRF1	1:1	
Q5SKU4_THET8	G0EE94_PYRF1	1:1	
Q5SKT4_THET8	G0EGR6_PYRF1	1:1	
Q9LCX3	G0EFB5_PYRF1	1:1	779789
Q5SKR4_THET8	G0EE59_PYRF1	n:1	
Q5SKR1_THET8	G0EHI5_PYRF1	n:1	
Q5SKQ8_THET8	G0ECV3_PYRF1	n:1	854520
Q5SKQ6_THET8	G0EG47_PYRF1	n:m	
Q5SKQ6_THET8	G0EGX1_PYRF1	n:m	
Q5SKQ6_THET8	G0EHE3_PYRF1	n:m	
Q5SKQ6_THET8	G0EHH9_PYRF1	n:m	
Q5SKQ6_THET8	G0ED35_PYRF1	n:m	
Q5SKQ6_THET8	G0ED36_PYRF1	n:m	
Q5SKQ6_THET8	G0EH68_PYRF1	n:m	
Q5SKQ6_THET8	G0ECV4_PYRF1	n:m	
Q5SKQ6_THET8	G0ECV5_PYRF1	n:m	
Q5SKQ6_THET8	G0ED47_PYRF1	n:m	
Q5SKQ6_THET8	G0ED72_PYRF1	n:m	
Q5SKQ5_THET8	G0EG47_PYRF1	n:m	
Q5SKQ5_THET8	G0EGX1_PYRF1	n:m	
Q5SKQ5_THET8	G0EHE3_PYRF1	n:m	
Q5SKQ5_THET8	G0EHH9_PYRF1	n:m	
Q5SKQ5_THET8	G0ED35_PYRF1	n:m	
Q5SKQ5_THET8	G0ED36_PYRF1	n:m	
Q5SKQ5_THET8	G0EH68_PYRF1	n:m	
Q5SKQ5_THET8	G0ECV4_PYRF1	n:m	
Q5SKQ5_THET8	G0ECV5_PYRF1	n:m	
Q5SKQ5_THET8	G0ED47_PYRF1	n:m	
Q5SKQ5_THET8	G0ED72_PYRF1	n:m	
Q5SKQ2_THET8	G0EHH4_PYRF1	1:1	
Q5SKP6_THET8	G0EF86_PYRF1	1:1	1053449
Q5SKP5_THET8	G0EDS0_PYRF1	1:1	1065807
Q5SKN8_THET8	G0EHP7_PYRF1	1:1	1098698
Q5SKN5_THET8	G0ECK1_PYRF1	1:1	
Q5SKN4	G0EDQ2_PYRF1	1:1	1093748
Q5SKN1	G0EDD9_PYRF1	1:1	1112028
Q5SKL0_THET8	PYRF101163	n:1	
Q5SKK3_THET8	PYRF101163	n:1	1002934
Q5SKJ3_THET8	G0EH55_PYRF1	n:1	
Q5SKI9_THET8	G0ECL8_PYRF1	1:1	851707
Q5SKH9_THET8	G0EFH1_PYRF1	n:1	
Q5SKH7_THET8	G0EG26_PYRF1	1:1	
Q5SKH6_THET8	G0EGU2_PYRF1	n:1	
Q5SKG5	G0EH82_PYRF1	1:1	1087515
Q5SKG4_THET8	G0EHD1_PYRF1	1:1	
Q5SKF8_THET8	G0EE58_PYRF1	n:1	
Q5SKF0_THET8	G0EE24_PYRF1	n:m	630825
Q5SKF0_THET8	G0EFG3_PYRF1	n:m	
Q5SKE9_THET8	G0EG47_PYRF1	n:m	
Q5SKE9_THET8	G0EGX1_PYRF1	n:m	
Q5SKE9_THET8	G0EHE3_PYRF1	n:m	
Q5SKE9_THET8	G0EHH9_PYRF1	n:m	
Q5SKE9_THET8	G0ED35_PYRF1	n:m	
Q5SKE9_THET8	G0ED36_PYRF1	n:m	
Q5SKE9_THET8	G0EH68_PYRF1	n:m	
Q5SKE9_THET8	G0ECV4_PYRF1	n:m	
Q5SKE9_THET8	G0ECV5_PYRF1	n:m	
Q5SKE9_THET8	G0ED47_PYRF1	n:m	
Q5SKE9_THET8	G0ED72_PYRF1	n:m	
P48515	G0ED57_PYRF1	1:1	
Q5SKD9	G0EFR8_PYRF1	1:1	1114142
Q5SKD7_THET8	G0EF71_PYRF1	1:1	
Q5SKD6	G0EDN8_PYRF1	1:1	1114035
P56194	G0EGD4_PYRF1	n:1	1112128
Q5SKC8_THET8	G0EFS6_PYRF1	1:1	
Q5SKC7_THET8	G0EFS5_PYRF1	1:1	
Q5SKC5	G0EEG8_PYRF1	1:1	1098123
Q5SKC1	G0EH81_PYRF1	1:1	1087049
Q5SKC0_THET8	G0EFY2_PYRF1	1:1	
Q5SKA2_THET8	G0ED11_PYRF1	1:1	
Q5SKA1_THET8	G0EG46_PYRF1	n:1	
Q5SKA0_THET8	G0EG47_PYRF1	n:m	
Q5SKA0_THET8	G0EGX1_PYRF1	n:m	
Q5SKA0_THET8	G0EHE3_PYRF1	n:m	
Q5SKA0_THET8	G0EHH9_PYRF1	n:m	
Q5SKA0_THET8	G0ED35_PYRF1	n:m	
Q5SKA0_THET8	G0ED36_PYRF1	n:m	
Q5SKA0_THET8	G0EH68_PYRF1	n:m	
Q5SKA0_THET8	G0ECV4_PYRF1	n:m	
Q5SKA0_THET8	G0ECV5_PYRF1	n:m	
Q5SKA0_THET8	G0ED47_PYRF1	n:m	
Q5SKA0_THET8	G0ED72_PYRF1	n:m	
Q5SK88	G0ED13_PYRF1	n:1	
Q5SK85_THET8	G0EF52_PYRF1	n:1	
Q5SK67	G0EHL9_PYRF1	1:1	1043574
Q5SK66	G0EHM2_PYRF1	1:1	765440
Q5SMG7_THET8	G0EF09_PYRF1	n:m	744926
Q5SMG7_THET8	G0EFI3_PYRF1	n:m	
Q5SMG6_THET8	G0ECG0_PYRF1	1:1	851787
Q5SK59_THET8	G0EH40_PYRF1	1:1	
Q5SK52_THET8	G0EDS9_PYRF1	1:1	
Q5SK48	G0EEV7_PYRF1	n:m	1106577
Q5SK48	G0EEV8_PYRF1	n:m	
Q5SK42_THET8	G0ED17_PYRF1	n:1	707242
Q5SK40_THET8	G0EFS7_PYRF1	1:1	1114175
Q5SK28	G0EH56_PYRF1	1:1	
Q5SK17_THET8	G0EF09_PYRF1	n:m	
Q5SK17_THET8	G0EFI3_PYRF1	n:m	
Q5SK14_THET8	G0EEK3_PYRF1	1:1	1054317
Q5SK00_THET8	G0EEQ0_PYRF1	1:1	1076819
Q5SJY9_THET8	G0EE42_PYRF1	n:1	
Q5SJX8_THET8	G0ECY5_PYRF1	n:1	
Q5SJX7	G0EHL1_PYRF1	1:1	1077097
Q9LCX4	G0EF96_PYRF1	1:1	
Q5SJW2_THET8	G0EH62_PYRF1	1:1	990394
Q5SJV9	G0EHR2_PYRF1	1:1	1093070
P09403	G0EGC0_PYRF1	1:1	1114041
Q5SJS4	G0EGU0_PYRF1	1:1	1059968
Q5SJS0_THET8	G0EHA5_PYRF1	n:1	
Q5SJR8_THET8	G0EH25_PYRF1	n:1	
Q5SJR7_THET8	G0EG47_PYRF1	n:m	
Q5SJR7_THET8	G0EGX1_PYRF1	n:m	
Q5SJR7_THET8	G0EHE3_PYRF1	n:m	
Q5SJR7_THET8	G0EHH9_PYRF1	n:m	
Q5SJR7_THET8	G0ED35_PYRF1	n:m	
Q5SJR7_THET8	G0ED36_PYRF1	n:m	
Q5SJR7_THET8	G0EH68_PYRF1	n:m	
Q5SJR7_THET8	G0ECV4_PYRF1	n:m	
Q5SJR7_THET8	G0ECV5_PYRF1	n:m	
Q5SJR7_THET8	G0ED47_PYRF1	n:m	
Q5SJR7_THET8	G0ED72_PYRF1	n:m	
Q5SJP8	G0EGA9_PYRF1	n:1	
Q5SJP2_THET8	G0EES7_PYRF1	1:1	
Q5SJN3_THET8	G0EE59_PYRF1	n:1	
Q5SJN1_THET8	G0EE57_PYRF1	n:1	
Q5SJM8_THET8	G0ECP9_PYRF1	1:1	1002923
Q5SJM4	G0ED79_PYRF1	1:1	1097992
Q5SJM3_THET8	G0EFT4_PYRF1	1:m	1113370
Q5SJM3_THET8	G0EGC2_PYRF1	1:m	
Q5SJK1_THET8	G0EG37_PYRF1	n:1	
Q5SJK0_THET8	G0EG36_PYRF1	n:1	
Q5SJH2_THET8	G0EEJ5_PYRF1	n:m	851650
Q5SJH2_THET8	G0EEN1_PYRF1	n:m	
Q5SJG8_THET8	G0EDT7_PYRF1	1:1	
Q5SJF9_THET8	G0ECL3_PYRF1	1:1	1105899
Q5SJF8	G0EDH7_PYRF1	1:1	1071744
Q5SMH2	G0EH55_PYRF1	n:1	1039133
P56690	G0ECE1_PYRF1	1:1	604881
Q5SJE2	G0EGD2_PYRF1	1:1	1106246
Q5SJC2_THET8	G0EEV7_PYRF1	n:m	
Q5SJC2_THET8	G0EEV8_PYRF1	n:m	
Q5SJC0	G0EER9_PYRF1	1:1	1103336
Q5SJB9	G0EF56_PYRF1	1:1	
Q5SJB6_THET8	G0EDW9_PYRF1	1:1	
Q5SJB5_THET8	G0EDX0_PYRF1	1:1	
Q5SJB0_THET8	G0EG98_PYRF1	1:1	1078479
Q5SJA1	G0EHD0_PYRF1	1:1	
Q5SJ85	G0ED29_PYRF1	1:m	1098777
Q5SJ85	G0EF23_PYRF1	1:m	
Q5SJ77_THET8	G0EH28_PYRF1	1:1	852677
Q5SJ58	G0ED13_PYRF1	n:1	
Q5SJ50_THET8	G0EGV3_PYRF1	1:1	1098280
Q5SJ49	G0EH84_PYRF1	1:1	1095575
Q5SJ45	G0ECY8_PYRF1	1:1	604880
Q5SJ41_THET8	G0ED01_PYRF1	1:1	851761
Q5SJ32_THET8	G0EES9_PYRF1	1:1	1103018
Q5SJ28	G0EGC6_PYRF1	1:1	
Q5SJ17_THET8	G0EDE2_PYRF1	n:1	1113833
Q5SJ15_THET8	G0EHM9_PYRF1	1:1	765441
Q5SJ06_THET8	G0EFS1_PYRF1	1:1	1016550
Q5SJ04_THET8	G0ECH8_PYRF1	1:1	1016547
Q5SJ03	G0EC85_PYRF1	1:1	1113820
Q5SJ01_THET8	G0ECH9_PYRF1	1:1	1113696
Q5SIY0	G0ECH7_PYRF1	1:1	1108915
Q5SIX4_THET8	G0EE59_PYRF1	n:1	
Q5SIW6	G0EEM1_PYRF1	1:1	851679
Q5SIW2	G0EG23_PYRF1	1:1	
Q5SIV1_THET8	G0ECH5_PYRF1	n:1	
Q5SIU9_THET8	G0ED88_PYRF1	1:1	
O87880	G0EDN5_PYRF1	1:1	1071666
Q56404	G0EGS3_PYRF1	1:1	796344
Q56403	G0EDW6_PYRF1	1:1	
Q5SIT7_THET8	G0EDR2_PYRF1	1:1	1011800
Q5SIT4_THET8	G0EEF5_PYRF1	n:1	840124
Q5SIT1	G0EEB3_PYRF1	1:1	650073
Q5SIS6_THET8	G0EHQ4_PYRF1	1:1	
P23395	G0EE63_PYRF1	1:1	1096611
Q5SIR5	G0EH21_PYRF1	1:1	1102514
Q5SIR3_THET8	G0ECR3_PYRF1	1:1	
Q5SIR2_THET8	G0EDX2_PYRF1	n:m	
Q5SIR2_THET8	G0ECR6_PYRF1	n:m	854548
Q5SIR1_THET8	G0EDX1_PYRF1	1:m	
Q5SIR1_THET8	G0ECR5_PYRF1	1:m	854402
Q5SME9	G0EE87_PYRF1	n:1	1087747
Q5SIP0	G0EHQ0_PYRF1	1:1	
Q5SIN8_THET8	G0ED38_PYRF1	n:m	
Q5SIN8_THET8	G0EF36_PYRF1	n:m	
Q5SIN7_THET8	G0ED37_PYRF1	1:1	
Q5SIN4_THET8	G0EG47_PYRF1	n:m	
Q5SIN4_THET8	G0EGX1_PYRF1	n:m	
Q5SIN4_THET8	G0EHE3_PYRF1	n:m	
Q5SIN4_THET8	G0EHH9_PYRF1	n:m	
Q5SIN4_THET8	G0ED35_PYRF1	n:m	
Q5SIN4_THET8	G0ED36_PYRF1	n:m	
Q5SIN4_THET8	G0EH68_PYRF1	n:m	
Q5SIN4_THET8	G0ECV4_PYRF1	n:m	
Q5SIN4_THET8	G0ECV5_PYRF1	n:m	
Q5SIN4_THET8	G0ED47_PYRF1	n:m	
Q5SIN4_THET8	G0ED72_PYRF1	n:m	
Q5SIM6_THET8	G0EGE5_PYRF1	1:1	
Q5SIM5_THET8	G0EF02_PYRF1	1:1	
Q7SIA8	G0EHM4_PYRF1	1:1	1091761
Q5SIJ1	G0ED75_PYRF1	1:1	1082165
Q5SII5	G0EH26_PYRF1	1:1	1114068
Q5SII3_THET8	G0EHA3_PYRF1	1:1	
Q5SII2	G0EDQ5_PYRF1	1:m	
Q5SII2	G0EHI1_PYRF1	1:m	
Q5SIH7	G0EDW8_PYRF1	1:1	725730
Q5SIH6_THET8	G0EEK8_PYRF1	1:1	1113620
Q5SIH5	G0ED14_PYRF1	1:1	
Q5SIG1_THET8	G0EE99_PYRF1	n:m	
Q5SIG1_THET8	G0ECY0_PYRF1	n:m	
Q5SIE5_THET8	G0ED17_PYRF1	n:1	
Q5SIE4_THET8	G0EDR0_PYRF1	n:1	
Q5SIE1_THET8	G0EHH6_PYRF1	1:1	1095452
Q5SID9_THET8	G0EEC3_PYRF1	1:1	
Q5SID8_THET8	G0EE99_PYRF1	n:m	
Q5SID8_THET8	G0ECY0_PYRF1	n:m	
Q7SIB9	G0EH83_PYRF1	1:1	1095576
Q5SIC2	G0EHE0_PYRF1	1:1	1054327
Q5SIC1_THET8	G0EGB2_PYRF1	1:1	
Q5SIC0_THET8	G0EGB1_PYRF1	1:1	807204
Q5SIB5_THET8	G0EG47_PYRF1	n:m	
Q5SIB5_THET8	G0EGX1_PYRF1	n:m	
Q5SIB5_THET8	G0EHE3_PYRF1	n:m	
Q5SIB5_THET8	G0EHH9_PYRF1	n:m	
Q5SIB5_THET8	G0ED35_PYRF1	n:m	
Q5SIB5_THET8	G0ED36_PYRF1	n:m	
Q5SIB5_THET8	G0EH68_PYRF1	n:m	
Q5SIB5_THET8	G0ECV4_PYRF1	n:m	
Q5SIB5_THET8	G0ECV5_PYRF1	n:m	
Q5SIB5_THET8	G0ED47_PYRF1	n:m	
Q5SIB5_THET8	G0ED72_PYRF1	n:m	
Q5SIB2_THET8	G0ED89_PYRF1	1:1	
Q5SIB1_THET8	G0EDR0_PYRF1	n:1	
Q5SIA8	G0EHD7_PYRF1	1:1	1114224
Q5SIA2_THET8	G0EE09_PYRF1	n:1	
Q5SIA1_THET8	G0EFX0_PYRF1	n:m	
Q5SIA1_THET8	G0EGU5_PYRF1	n:m	
Q5SIA1_THET8	G0ECT5_PYRF1	n:m	
Q5SIA0_THET8	G0EHP1_PYRF1	1:1	634735
Q5SI99_THET8	G0EDQ9_PYRF1	1:1	677251
Q5SI93_THET8	G0ECS1_PYRF1	n:1	
Q5SI81_THET8	G0EEF5_PYRF1	n:1	
Q5SI75_THET8	G0EF15_PYRF1	1:1	
Q5SI74_THET8	G0EDW3_PYRF1	1:1	1091891
Q5SI68	G0EGR3_PYRF1	1:1	
Q5SI61_THET8	G0EDW7_PYRF1	1:1	1102970
Q5SI59_THET8	G0EGT3_PYRF1	1:1	790460
Q5SI57	G0EGU6_PYRF1	1:1	1094294
Q5SMH8	G0EGU7_PYRF1	1:1	1095464
Q5SMH7_THET8	G0EGU8_PYRF1	1:1	1114021
Q5SMH6_THET8	G0EET0_PYRF1	1:1	
Q5SI56	G0EHK4_PYRF1	1:1	1110288
P33197	G0EF30_PYRF1	1:1	
Q5SI41_THET8	G0ED90_PYRF1	1:1	784607
Q5SI31_THET8	G0ED15_PYRF1	n:1	1084668
Q5SI28	G0ECN7_PYRF1	1:1	
Q5SI22_THET8	G0EFS9_PYRF1	1:1	
Q5SI20_THET8	G0EFA4_PYRF1	1:1	1094696
Q5SI12	G0EF89_PYRF1	1:1	1053580
Q5SI10_THET8	G0EC86_PYRF1	1:1	1051315
Q5SHY2_THET8	G0EGT9_PYRF1	1:1	1113626
Q5SHW3_THET8	G0EE23_PYRF1	1:1	1088593
Q5SHW2_THET8	G0EE87_PYRF1	n:1	
Q5SHU7_THET8	G0EEB9_PYRF1	1:1	
Q5SHU3_THET8	G0ED15_PYRF1	n:1	
Q5SHS6	G0ED08_PYRF1	1:1	1101543
Q5SHS5_THET8	G0EE92_PYRF1	n:1	
Q5SHR9_THET8	G0ECH5_PYRF1	n:1	
P80376	G0EDM3_PYRF1	1:1	1057304
P80377	G0EDM1_PYRF1	1:1	
P0DOY8	G0ECG1_PYRF1	1:1	
Q5SHQ0	G0ECF7_PYRF1	1:1	1113649
Q5SHP8	G0ECF4_PYRF1	1:1	1114514
P80372	G0ECF0_PYRF1	1:1	851647
P60405	G0ECD4_PYRF1	1:1	1113959
Q5SHN7	G0EEY8_PYRF1	1:1	1114442
Q5SHN6	G0EEY7_PYRF1	n:1	
Q5SHN5	G0ECS5_PYRF1	1:1	
Q5SHM3_THET8	G0EH14_PYRF1	1:1	994172
Q5SHM0_THET8	G0EF50_PYRF1	1:1	744876
Q5SHL7_THET8	G0EH43_PYRF1	1:1	
Q5SHL0_THET8	G0EFE3_PYRF1	n:1	
Q5SHJ7_THET8	G0EFE3_PYRF1	n:1	
Q5SHJ5_THET8	G0ED22_PYRF1	1:1	1042118
Q5SHI8	G0EEZ3_PYRF1	1:1	
Q5SHI3_THET8	G0ECS1_PYRF1	n:1	851667
Q5SHH5	G0ECT8_PYRF1	1:1	
Q5SHH3	G0ECM2_PYRF1	1:1	1076346
Q5SHG7_THET8	G0EFE7_PYRF1	1:1	991347
Q5SHE5_THET8	G0EGD5_PYRF1	1:1	1107518
Q5SHE1_THET8	G0EDB1_PYRF1	1:1	1100756
Q5SHD2_THET8	G0EF34_PYRF1	1:m	
Q5SHD2_THET8	G0EHJ0_PYRF1	1:m	
Q5SHB9_THET8	G0EC97_PYRF1	1:1	
Q8RQE9	G0EEX8_PYRF1	1:1	
Q5SHB0_THET8	G0EHK5_PYRF1	1:1	
Q5SHA6_THET8	G0ECY5_PYRF1	n:1	1050826
Q5SHA3_THET8	G0EE57_PYRF1	n:1	
P74941	G0EEM5_PYRF1	1:1	1016298
Q5SH97_THET8	G0EG36_PYRF1	n:1	
Q5SH96_THET8	G0EG37_PYRF1	n:1	
Q5SH95_THET8	G0EF39_PYRF1	1:1	
Q5SH92_THET8	G0EH75_PYRF1	1:1	
Q5SH91_THET8	G0EH76_PYRF1	1:1	
Q5SH88	G0ECV8_PYRF1	1:1	809591
P05379	G0EF06_PYRF1	1:1	758345
P05378	G0EF05_PYRF1	1:1	
Q5SH76_THET8	G0EC89_PYRF1	1:1	
Q5SH74_THET8	G0EDX2_PYRF1	n:m	851937
Q5SH74_THET8	G0ECR6_PYRF1	n:m	
Q5SH52_THET8	G0ECJ4_PYRF1	1:1	1110926
Q5SH49_THET8	G0EDP9_PYRF1	1:1	1079698
Q5SH42_THET8	G0EG47_PYRF1	n:m	
Q5SH42_THET8	G0EGX1_PYRF1	n:m	
Q5SH42_THET8	G0EHE3_PYRF1	n:m	
Q5SH42_THET8	G0EHH9_PYRF1	n:m	
Q5SH42_THET8	G0ED35_PYRF1	n:m	
Q5SH42_THET8	G0ED36_PYRF1	n:m	
Q5SH42_THET8	G0EH68_PYRF1	n:m	
Q5SH42_THET8	G0ECV4_PYRF1	n:m	
Q5SH42_THET8	G0ECV5_PYRF1	n:m	
Q5SH42_THET8	G0ED47_PYRF1	n:m	
Q5SH42_THET8	G0ED72_PYRF1	n:m	
Q5SH40_THET8	G0EGY2_PYRF1	1:1	
Q56213	G0EEM3_PYRF1	1:1	726037
Q5SH30_THET8	G0EH80_PYRF1	1:1	
Q5SH27_THET8	G0EFT7_PYRF1	n:1	
Q5SH26_THET8	G0EDE2_PYRF1	n:1	
Q5SH23	G0EDC4_PYRF1	1:1	
Q5SH20_THET8	G0EDC8_PYRF1	1:m	
Q5SH20_THET8	G0ECA9_PYRF1	1:m	
Q5SH19_THET8	G0EE17_PYRF1	1:m	
Q5SH19_THET8	G0ED61_PYRF1	1:m	1111880
Q5SH16_THET8	G0EDM5_PYRF1	1:1	1016555
Q5SH15	G0EDK9_PYRF1	1:1	1113872
Q5SH13_THET8	G0EC90_PYRF1	1:1	1040829
Q5SH10_THET8	G0EDX9_PYRF1	1:1	605444
Q5SH06_THET8	G0EG47_PYRF1	n:m	
Q5SH06_THET8	G0EGX1_PYRF1	n:m	
Q5SH06_THET8	G0EHE3_PYRF1	n:m	
Q5SH06_THET8	G0EHH9_PYRF1	n:m	
Q5SH06_THET8	G0ED35_PYRF1	n:m	
Q5SH06_THET8	G0ED36_PYRF1	n:m	
Q5SH06_THET8	G0EH68_PYRF1	n:m	
Q5SH06_THET8	G0ECV4_PYRF1	n:m	
Q5SH06_THET8	G0ECV5_PYRF1	n:m	
Q5SH06_THET8	G0ED47_PYRF1	n:m	
Q5SH06_THET8	G0ED72_PYRF1	n:m	
Q5SH04_THET8	G0EDT5_PYRF1	1:1	
Q5SGY9_THET8	G0EE95_PYRF1	1:1	852030
Q5SGY0	G0EFT7_PYRF1	n:1	1102576
Q5SGX1	G0EGF8_PYRF1	1:1	
P38576	G0EC71_PYRF1	1:1	1113483
Q53WA2_THET8	G0EGU2_PYRF1	n:1	1044837
Q53W99_THET8	PYRF101163	n:1	
Q53W97_THET8	G0EGQ5_PYRF1	1:1	1004055
Q53W85_THET8	G0EE24_PYRF1	n:m	
Q53W85_THET8	G0EFG3_PYRF1	n:m	
Q53W82_THET8	G0EE24_PYRF1	n:m	
Q53W82_THET8	G0EFG3_PYRF1	n:m	
Q53W52_THET8	G0EE91_PYRF1	1:1	1108445
Q53W25_THET8	G0EE79_PYRF1	1:1	
Q53VZ7_THET8	G0EHE8_PYRF1	1:1	1035322
Q53VW0_THET8	G0EG46_PYRF1	n:1	
Q53VV5	G0EGJ7_PYRF1	1:1	
Q53WI1_THET8	G0EHA1_PYRF1	1:1	1093195
Q53VT6_THET8	G0EGA9_PYRF1	n:1	

