,genus_and_species,taxonomy_id,strain,superkingdom,phylum,class,order,family,genus,assembly_or_accession,Genome_GC,Genome_size,16S_accssion,16S_GC,Tmin,Topt_ave,Topt_low,Topt_high,Tmax,Tmax_Tmin,uniprot_id
0,Fervidobacterium pennivorans,93466,Ven 5,Bacteria,Thermotogae,Thermotogae,Thermotogales,Fervidobacteriaceae,Fervidobacterium,GCA_000235405.3,38.9,2.2,NR_074097,61.3,50.0,80.0,,,100.0,50.0,UP000077096
1,Thermodesulfobacterium geofontis,1295609,OPF15 ,Bacteria,Thermodesulfobacteria,Thermodesulfobacteria,Thermodesulfobacteriales,Thermodesulfobacteriaceae,Thermodesulfobacterium,GCA_000215975.1,30.6,1.6,NR_118457,61.9,70.0,83.0,,,90.0,20.0,UP000235619
2,Caldicellulosiruptor changbaiensis,1222016,CBS-Z,Bacteria,Firmicutes,Clostridia,Thermoanaerobacterales,Thermoanaerobacterales Family III. Incertae Sedis,Caldicellulosiruptor,GCA_003999255.1,35.1,2.9,JX280492,58.2,40.0,75.0,,,90.0,50.0,UP000282930
3,Thermocrinis ruber,75906,OC 1/4 ,Bacteria,Aquificae,Aquificae,Aquificales,Aquificaceae,Thermocrinis,GCA_000512735.1,45.2,1.5,AJ005640,61.9,44.0,80.0,,,89.0,45.0,UP000018914
4,Thermotoga petrophila,93929,RKU-1,Bacteria,Thermotogae,Thermotogae,Thermotogales,Thermotogaceae,Thermotoga,GCA_000016785.1,46.1,1.8,AB027016,64.4,47.0,80.0,,,88.0,41.0,UP000262871
5,Thermus parvatiensis,456163,RL,Bacteria,Deinococcus-Thermus,Deinococci,Thermales,Thermaceae,Thermus,GCA_001535545.1,68.5,2.0,EU017402,63.9,60.0,70.0,,,80.0,20.0,UP000053186
6,Fervidobacterium islandicum,2423,H21,Bacteria,Thermotogae,Thermotogae,Thermotogales,Fervidobacteriaceae,Fervidobacterium,GCA_000767275.3,40.7,2.2,M59176,60.6,50.0,65.0,,,80.0,30.0,UP000093740
7,Thermus aquaticus,271,YT-1,Bacteria,Deinococcus-Thermus,Deinococci,Thermales,Thermaceae,Thermus,GCA_001399775.1,68.0,2.3,L09663,63.0,40.0,70.0,,,79.0,39.0,UP000037685
8,Thermosulfidibacter takaii,412593,ABI70S6,Bacteria,Aquificae,Aquificae,Aquificales,,Thermosulfidibacter,GCA_001547735.1,43.0,1.8,AB282756,62.1,55.0,70.0,,,78.0,23.0,UP000885690
9,Caldimicrobium thiodismutans,1653476,TF1,Bacteria,Thermodesulfobacteria,Thermodesulfobacteria,Thermodesulfobacteriales,Thermodesulfobacteriaceae,Caldimicrobium,GCA_001548275.1,38.3,1.8,LC055107,61.3,40.0,75.0,,,77.0,37.0,UP000235731
10,Desulfurella acetivorans,33002,Desulfurella acetivorans,Bacteria,Proteobacteria,Deltaproteobacteria,Desulfurellales,Desulfurellaceae,Desulfurella,GCA_000517565.1,32.1,1.8,X72768,53.8,42.0,54.5,52.0,57.0,73.0,31.0,UP000886400
11,Thermoanaerobacter kivui,2325,LKT-1,Bacteria,Firmicutes,Clostridia,Thermoanaerobacterales,Thermoanaerobacteraceae,Thermoanaerobacter,GCA_000763575.1,35.0,2.4,L09160,57.3,50.0,66.0,,,72.0,22.0,UP000029669
12,Geobacillus kaustophilus,1462,ATCC 8005,Bacteria,Firmicutes,Bacilli,Bacillales,Bacillaceae,Geobacillus,GCA_005160065.1,51.9,3.7,X60618,58.7,37.0,62.5,60.0,65.0,72.0,35.0,UP000032522
13,Anoxybacter fermentans,1323375,DY22613,Bacteria,Firmicutes,Clostridia,Halanaerobiales,,Anoxybacter,GCA_003991135.1,35.9,3.6,KC794015,57.2,44.0,61.0,60.0,62.0,72.0,28.0,UP000267250
14,Caldithrix abyssi,187145,LF13 ,Bacteria,Calditrichaeota,Calditrichae,Calditrichales,Calditrichaceae,Caldithrix,GCA_001886815.1,45.1,5.0,AJ430587,57.2,40.0,60.0,,,70.0,30.0,UP000886124
15,Anoxybacillus gonensis,198467,G2,Bacteria,Firmicutes,Bacilli,Bacillales,Bacillaceae,Anoxybacillus,GCA_001187595.1,41.7,2.8,AY122325,56.6,40.0,57.5,55.0,60.0,70.0,30.0,UP000065017
16,Oceanithermus profundus,187137,506,Bacteria,Deinococcus-Thermus,Deinococci,Thermales,Thermaceae,Oceanithermus,GCA_000183745.1,69.8,2.4,AJ430586,62.8,40.0,60.0,,,68.0,28.0,UP000886105
17,Chloroflexus aggregans,152260,MD-66,Bacteria,Chloroflexi,Chloroflexia,Chloroflexales,Chloroflexaceae,Chloroflexus,GCA_000021945.1,56.4,4.7,D32255,62.7,50.0,55.0,,,67.0,17.0,UP000243376
18,Thermogutta terrifontis,1331910,R1,Bacteria,Planctomycetes,Planctomycetia,Planctomycetales,Planctomycetaceae,Thermogutta,GCA_002277955.1,57.3,4.8,KC867694,59.5,25.0,57.5,55.0,60.0,67.0,42.0,UP000215086
19,Symbiobacterium thermophilum,2734,T,Bacteria,Firmicutes,Clostridia,Clostridiales,Symbiobacteriaceae,Symbiobacterium,GCA_000009905.1,,3.6,AB004913,60.6,45.0,60.0,,,65.0,20.0,UP000732377
20,Thermacetogenium phaeum,85874,PB,Bacteria,Firmicutes,Clostridia,Thermoanaerobacterales,Thermoanaerobacteraceae,Thermacetogenium,GCA_000305935.1,53.9,2.9,AB020336,59.7,40.0,58.0,,,65.0,25.0,UP000053326
21,Thermodesulfobium acidiphilum,1794699, 3127-1,Bacteria,Firmicutes,Clostridia,Thermoanaerobacterales,Thermodesulfobiaceae,Thermodesulfobium,GCA_003057965.1,33.7,1.8,KU664659,54.0,37.0,55.0,,,65.0,28.0,UP000244792
22,Calditerrivibrio nitroreducens,477976,Yu37-1,Bacteria,Deferribacteres,Deferribacteres,Deferribacterales,Deferribacteraceae,Calditerrivibrio,GCA_000183405.1,35.7,2.2,AB364234,56.0,30.0,55.0,,,65.0,35.0,UP000242881
23,Novibacillus thermophilus,1471761,SG-1 ,Bacteria,Firmicutes,Bacilli,Bacillales,Thermoactinomycetaceae,Novibacillus,GCA_002005165.1,50.4,3.6,KF958346,59.4,30.0,50.0,,,65.0,35.0,UP000188603
24,Bacillus beveridgei,632773,MLTeJB,Bacteria,Firmicutes,Bacilli,Bacillales,Bacillaceae,Bacillus,GCA_001721685.1,46.1,3.6,FJ825145,55.5,5.0,37.0,,,65.0,60.0,UP000094463
25,Pseudodesulfovibrio profundus,57320,500-1,Bacteria,Proteobacteria,Deltaproteobacteria,Desulfovibrionales,Desulfovibrionaceae,Pseudodesulfovibrio,GCA_900217235.1,52.8,4.2,U90726,53.7,15.0,25.0,,,65.0,50.0,UP000219215
26,Thermodesulfobium narugense,184064,Na82,Bacteria,Firmicutes,Clostridia,Thermoanaerobacterales,Thermodesulfobiaceae,Thermodesulfobium,GCA_000212395.1,33.9,1.9,AB077817,53.9,37.0,52.5,50.0,55.0,65.0,28.0,UP000237193
27,Anaerolinea thermophila,167964,UNI-1 ,Bacteria,Chloroflexi,Anaerolineae,Anaerolineales,Anaerolineaceae,Anaerolinea,GCA_000199675.1,53.8,3.5,AB046413,57.1,55.0,55.0,,,60.0,5.0,UP000064249
28,Tepidiforma bonchosmolovskayae,2601677,3753O,Bacteria,Chloroflexi,,,,,GCA_008838325.1,69.9,2.7,MN264258,59.2,42.0,52.0,50.0,54.0,60.0,18.0,UP000326331
29,Desulfotomaculum ferrireducens,1833852,GSS09,Bacteria,Firmicutes,Clostridia,Clostridiales,Peptococcaceae,Desulfotomaculum,GCA_002005145.1,45.4,3.2,KU589293,55.2,30.0,50.0,,,55.0,25.0,UP000189464
30,Halomonas beimenensis,475662,NTU-107,Bacteria,Proteobacteria,Gammaproteobacteria,Oceanospirillales,Halomonadaceae,Halomonas,GCA_002549795.1,68.4,4.1,EU159469,56.2,15.0,40.0,,,55.0,40.0,UP000219993
31,Algibacter alginicilyticus,1736674,HZ22,Bacteria,Bacteroidetes,Flavobacteriia,Flavobacteriales,Flavobacteriaceae,Algibacter,GCA_001310225.1,31.8,4.0,JN620360,50.0,4.0,28.0,,,55.0,51.0,UP000057981
32,Clostridium isatidis,182773,Wv6,Bacteria,Firmicutes,Clostridia,Clostridiales,Clostridiaceae,Clostridium,GCA_002285495.1,28.9,2.9,X98395,52.7,30.0,50.5,49.0,52.0,55.0,25.0,UP000264883
33,Limnochorda pilosa,1555112,HC45,Bacteria,Firmicutes,Limnochordia,Limnochordales,Limnochordaceae,Limnochorda,GCA_001544015.1,69.7,3.8,AB992259,63.6,30.0,47.5,45.0,50.0,55.0,25.0,UP000065807
34,Muricauda lutaonensis,516051,CC-HSB-11 ,Bacteria,Bacteroidetes,Flavobacteriia,Flavobacteriales,Flavobacteriaceae,Muricauda,GCA_000963865.1,45.0,3.3,EU564844,57.4,25.0,41.0,37.0,45.0,55.0,30.0,UP000032726
35,Hydrogenovibrio thermophilus,265883,I78,Bacteria,Proteobacteria,Gammaproteobacteria,Thiotrichales,Piscirickettsiaceae,Hydrogenovibrio,GCA_004028275.1,50.5,2.6,AB166731,52.2,15.0,37.5,35.0,40.0,55.0,40.0,UP000285478
36,Flexistipes sinusarabici,2352,MAS10,Bacteria,Deferribacteres,Deferribacteres,Deferribacterales,Deferribacteraceae,Flexistipes,GCA_000218625.1,38.3,2.5,M59231,54.1,30.0,47.5,45.0,50.0,53.0,23.0,UP000323337
37,Geoalkalibacter subterraneus,483547,Red1,Bacteria,Proteobacteria,Deltaproteobacteria,Desulfuromonadales,Geobacteraceae,Geoalkalibacter,GCA_000827125.1,56.6,3.7,EU182247,57.4,30.0,40.0,,,50.0,20.0,UP000886162
38,Jeotgalibacillus malaysiensis,1508404,D5,Bacteria,Firmicutes,Bacilli,Bacillales,Planococcaceae,Jeotgalibacillus,GCA_000818095.1,42.4,4.1,KJ460028,55.0,4.0,37.0,,,50.0,46.0,UP000031449
39,Halomonas alkaliphila,272774,18bAG,Bacteria,Proteobacteria,Gammaproteobacteria,Oceanospirillales,Halomonadaceae,Halomonas,GCA_003612795.1,52.7,4.0,AJ640133,55.8,5.0,37.0,,,50.0,45.0,UP000480312
40,Virgibacillus dokdonensis,302167,DSW-10,Bacteria,Firmicutes,Bacilli,Bacillales,Bacillaceae,Virgibacillus,GCA_002849835.1,36.6,4.3,AY822043,55.1,15.0,37.0,,,50.0,35.0,UP000256488
41,Halomonas olivaria,390919,C17,Bacteria,Proteobacteria,Gammaproteobacteria,Oceanospirillales,Halomonadaceae,Halomonas,GCA_004295565.1,55.3,5.0,DQ645593,54.9,4.0,35.0,,,50.0,46.0,UP000289555
42,Croceicoccus naphthovorans,1348774,PQ-2 ,Bacteria,Proteobacteria,Alphaproteobacteria,Sphingomonadales,Erythrobacteraceae,Croceicoccus,GCA_001028705.1,62.6,3.9,KF145127,53.8,15.0,32.0,,,50.0,35.0,UP000536420
43,Brevundimonas naejangsanensis,588932,BIO-TAS2-2,Bacteria,Proteobacteria,Alphaproteobacteria,Caulobacterales,Caulobacteraceae,Brevundimonas,GCA_000635915.2,67.5,3.0,FJ544245,55.1,4.0,30.0,,,50.0,46.0,UP000294474
44,Microbacterium sediminis,904291,YLB-01,Bacteria,Actinobacteria,Actinobacteria,Micrococcales,Microbacteriaceae,Microbacterium,GCA_004564075.1,71.7,2.9,HQ219727,56.0,4.0,28.0,,,50.0,46.0,UP000295661
45,Paracoccus kondratievae,135740,GB,Bacteria,Proteobacteria,Alphaproteobacteria,Rhodobacterales,Rhodobacteraceae,Paracoccus,GCA_009301415.1,62.9,4.2,AF250332,55.8,30.0,40.0,38.0,42.0,50.0,20.0,UP000326748
46,Paenibacillus lentus,1338368,CMG1240,Bacteria,Firmicutes,Bacilli,Bacillales,Paenibacillaceae,Paenibacillus,GCA_003931855.1,46.5,5.3,KC800716,54.3,30.0,38.0,35.0,41.0,50.0,20.0,UP000273145
47,Halobacillus mangrovi,402384,MS10,Bacteria,Firmicutes,Bacilli,Bacillales,Bacillaceae,Halobacillus,GCA_002097535.1,41.6,4.1,DQ888316,56.0,10.0,34.0,33.0,35.0,50.0,40.0,UP000192527
48,Egibacter rhizosphaerae,1670831,EGI 80759,Bacteria,Actinobacteria,Nitriliruptoria,Egibacterales,Egibacteraceae,Egibacter,GCA_004322855.1,71.7,4.6,KR605111,60.4,25.0,32.5,30.0,35.0,50.0,25.0,UP000291469
49,Lactobacillus bombi,1303590,BTLCH M1/2,Bacteria,Firmicutes,Bacilli,Lactobacillales,Lactobacillaceae,Lactobacillus,GCA_003522965.1,34.7,1.8,KJ078643,52.3,20.0,37.0,,,47.0,27.0,UP000284822
50,Methylocaldum marinum,1432792,S8,Bacteria,Proteobacteria,Gammaproteobacteria,Methylococcales,Methylococcaceae,Methylocaldum,GCA_003584645.1,58.7,6.1,AB894129,55.7,20.0,36.0,,,47.0,27.0,UP000266313
51,Sulfurifustis variabilis,1675686,skN76,Bacteria,Proteobacteria,Gammaproteobacteria,Acidiferrobacterales,Acidiferrobacteraceae,Sulfurifustis,GCA_002355415.1,67.5,4.0,LC062790,56.6,28.0,43.5,42.0,45.0,46.0,18.0,UP000218899
52,Desulfitobacterium dehalogenans,36854,JW/IU-DC1 ,Bacteria,Firmicutes,Clostridia,Clostridiales,Peptococcaceae,Desulfitobacterium,GCA_000243155.3,45.0,4.3,L28946,53.4,13.0,38.0,,,45.0,32.0,UP000553059
53,Proteus columbae,1987580,08MAS2615,Bacteria,Proteobacteria,Gammaproteobacteria,Enterobacterales,Morganellaceae,Proteus,GCA_009914335.1,38.4,4.1,MF143629,53.6,10.0,37.0,,,45.0,35.0,UP000464700
54,Paraoceanicella profunda,2579971,D4M1,Bacteria,Proteobacteria,Alphaproteobacteria,Rhodobacterales,Rhodobacteraceae,,GCA_005887635.2,70.1,5.5,MK909903,56.5,10.0,37.0,,,45.0,35.0,UP000305888
55,Parolsenella catena,2003188,2CBEGH3,Bacteria,Actinobacteria,Coriobacteriia,Coriobacteriales,Atopobiaceae,Parolsenella,GCA_003966955.1,65.6,1.8,LC270126,64.4,30.0,37.0,,,45.0,15.0,UP000273154
56,Dermabacter vaginalis,1630135,AD1-86,Bacteria,Actinobacteria,Actinobacteria,Micrococcales,Dermabacteraceae,Dermabacter,GCA_001678905.1,62.6,2.4,KP903369,56.7,25.0,37.0,,,45.0,20.0,UP000323865
57,Corynebacterium humireducens,1223514,MFC-5,Bacteria,Actinobacteria,Actinobacteria,Corynebacteriales,Corynebacteriaceae,Corynebacterium,GCA_000819445.1,68.6,2.7,GQ421281,57.5,25.0,37.0,,,45.0,20.0,UP000557899
58,Corynebacterium nuruki,1032851,S6-4,Bacteria,Actinobacteria,Actinobacteria,Corynebacteriales,Corynebacteriaceae,Corynebacterium,GCA_007970465.1,69.3,3.2,HM165487,57.3,10.0,37.0,,,45.0,35.0,UP000261739
59,Lentibacillus amyloliquefaciens,1472767,LAM0015,Bacteria,Firmicutes,Bacilli,Bacillales,Bacillaceae,Lentibacillus,GCA_001307805.2,42.1,3.9,KJ002449,56.7,15.0,35.0,,,45.0,30.0,UP000050331
60,Salinivirga cyanobacteriivorans,1307839,L21-Spi-D4,Bacteria,Bacteroidetes,Bacteroidia,Marinilabiliales,Salinivirgaceae,Salinivirga,GCA_001443605.1,39.0,4.8,NR_146659,51.0,20.0,35.0,,,45.0,25.0,UP000064893
61,Salinispira pacifica,1307761,L21-RPul-D2,Bacteria,Spirochaetes,Spirochaetia,Spirochaetales,Spirochaetaceae,Salinispira,GCA_000507245.1,51.9,3.8,KC665949,53.8,20.0,35.0,,,45.0,25.0,UP000018680
62,Clostridium bornimense,1216932,M2/40,Bacteria,Firmicutes,Clostridia,Clostridiales,Clostridiaceae,Clostridium,GCA_000577895.1,29.5,3.6,JQ388596,52.8,20.0,35.0,,,45.0,25.0,UP000019426
63,Aquitalea magnusonii,332411,TRO-001DR8,Bacteria,Proteobacteria,Betaproteobacteria,Neisseriales,Chromobacteriaceae,Aquitalea,GCA_002217795.2,59.3,4.9,DQ018117,54.5,4.0,35.0,,,45.0,41.0,UP000545606
64,Streptomyces aquilus,2548456,GGCR-6,Bacteria,Actinobacteria,Actinobacteria,Streptomycetales,Streptomycetaceae,Streptomyces,GCA_003955715.1,70.8,10.4,MH718844,58.7,10.0,30.0,,,45.0,35.0,UP000280197
65,Massilia armeniaca,2072590,ZMN-3,Bacteria,Proteobacteria,Betaproteobacteria,Burkholderiales,Oxalobacteraceae,Massilia,GCA_003028855.1,66.3,6.3,KY432691,54.1,10.0,30.0,,,45.0,35.0,UP000240505
66,Microbulbifer aggregans,1769779,CCB-MM1,Bacteria,Proteobacteria,Gammaproteobacteria,Cellvibrionales,Microbulbiferaceae,Microbulbifer,GCA_001750105.1,58.9,3.9,KU736842,54.9,15.0,30.0,,,45.0,30.0,UP000095672
67,Tumebacillus algifaecis,1214604,THMBR28,Bacteria,Firmicutes,Bacilli,Bacillales,Alicyclobacillaceae,Tumebacillus,GCA_002243515.1,53.0,4.5,JX110710,57.0,20.0,30.0,,,45.0,25.0,UP000214688
68,Bacillus mesonae,1193713,FJAT-13985,Bacteria,Firmicutes,Bacilli,Bacillales,Bacillaceae,Bacillus,GCA_003999735.1,40.4,5.8,JX262263,55.1,20.0,30.0,,,45.0,25.0,UP000282892
69,Paenibacillus beijingensis,1126833,BJ-18,Bacteria,Firmicutes,Bacilli,Bacillales,Paenibacillaceae,Paenibacillus,GCA_000961095.1,52.5,5.7,NR_132612,56.3,10.0,30.0,,,45.0,35.0,UP000032633
70,Pseudoxanthomonas suwonensis,314722,4M1,Bacteria,Proteobacteria,Gammaproteobacteria,Xanthomonadales,Xanthomonadaceae,Pseudoxanthomonas,GCA_000185965.1,70.2,3.4,AY927994,55.5,10.0,30.0,,,45.0,35.0,UP000033067
71,Corynebacterium crudilactis,1652495,JZ16,Bacteria,Actinobacteria,Actinobacteria,Corynebacteriales,Corynebacteriaceae,Corynebacterium,GCA_001643015.1,51.8,3.2,KR534194,56.3,10.0,28.0,,,45.0,35.0,UP000076929
72,Tessaracoccus flavus,1610493,RP1,Bacteria,Actinobacteria,Actinobacteria,Propionibacteriales,Propionibacteriaceae,Tessaracoccus,GCA_001997295.1,67.9,3.2,KP265298,56.6,15.0,28.0,,,45.0,30.0,UP000199635
73,Dietzia lutea,546160,YIM 80766,Bacteria,Actinobacteria,Actinobacteria,Corynebacteriales,Dietziaceae,Dietzia,GCA_003096075.1,70.9,3.9,EU821598,57.4,10.0,28.0,,,45.0,35.0,UP000244928
74,Oryzomicrobium terrae,1735038,TPP412,Bacteria,Proteobacteria,Betaproteobacteria,Rhodocyclales,Rhodocyclaceae,Oryzomicrobium,GCA_008274805.1,66.1,3.5,KR296798,56.1,24.0,25.0,,,45.0,21.0,UP000323671
75,Proteiniphilum saccharofermentans,1642647,M3/6,Bacteria,Bacteroidetes,Bacteroidia,Bacteroidales,Dysgonamonadaceae,Proteiniphilum,GCA_900095135.1,43.6,4.4,KP233809,53.6,15.0,37.5,35.0,40.0,45.0,30.0,UP000187464
76,Neisseria elongata,495,M2,Bacteria,Proteobacteria,Betaproteobacteria,Neisseriales,Neisseriaceae,Neisseria,GCA_000818035.1,54.3,2.3,L06171,53.6,20.0,35.0,33.0,37.0,45.0,25.0,UP000254927
77,Halotalea alkalilenta,376489, AW-7,Bacteria,Proteobacteria,Gammaproteobacteria,Oceanospirillales,Halomonadaceae,Halotalea,GCA_001648175.1,64.3,4.4,DQ421388,56.3,5.0,34.5,32.0,37.0,45.0,40.0,UP000077875
78,Roseitalea porphyridii,1852022,MA7-20,Bacteria,Proteobacteria,Alphaproteobacteria,Rhizobiales,Phyllobacteriaceae,Roseitalea,GCA_004331955.1,66.6,3.5,KX268598,56.1,15.0,33.5,30.0,37.0,45.0,30.0,UP000293719
79,Pontibacter korlensis,400092,X14-1,Bacteria,Bacteroidetes,Cytophagia,Cytophagales,Hymenobacteraceae,Pontibacter,GCA_000973725.1,47.3,5.5,DQ888330,57.5,7.0,33.5,30.0,37.0,45.0,38.0,UP000033109
80,Halomonas elongata,2746,1H9 ,Bacteria,Proteobacteria,Gammaproteobacteria,Oceanospirillales,Halomonadaceae,Halomonas,GCA_000196875.2,63.6,4.1,M93355,55.0,4.0,33.5,30.0,37.0,45.0,41.0,UP000251811
81,Thauera humireducens,1134435,SgZ-1,Bacteria,Proteobacteria,Betaproteobacteria,Rhodocyclales,Zoogloeaceae,Thauera,GCA_001051995.2,66.4,4.2,JQ038037,56.4,10.0,31.0,25.0,37.0,45.0,35.0,UP000036902
82,Paenibacillus chitinolyticus,79263,EAG-3,Bacteria,Firmicutes,Bacilli,Bacillales,Paenibacillaceae,Paenibacillus,GCA_004117095.1,52.4,6.5,AB021183,55.7,18.0,31.0,25.0,37.0,45.0,27.0,UP000288943
83,Amycolatopsis albispora,1804986,WP1,Bacteria,Actinobacteria,Actinobacteria,Pseudonocardiales,Pseudonocardiaceae,Amycolatopsis,GCA_003312875.1,70.7,9.1,KT751086,58.6,4.0,32.5,30.0,35.0,45.0,41.0,UP000250434
84,Acinetobacter larvae,1789224, BRTC-1,Bacteria,Proteobacteria,Gammaproteobacteria,Pseudomonadales,Moraxellaceae,Acinetobacter,GCA_001704115.1,41.6,3.7,KU560468,52.9,10.0,32.5,30.0,35.0,45.0,35.0,UP000093391
85,Ktedonosporobacter rubrisoli,2509675,SCAWS-G2,Bacteria,Chloroflexi,Ktedonobacteria,Ktedonobacterales,,,GCA_004208415.1,51.8,11.3,KY427895,58.4,25.0,31.5,28.0,35.0,45.0,20.0,UP000290365
86,Halomonas aestuarii,1897729,Hb3,Bacteria,Proteobacteria,Gammaproteobacteria,Oceanospirillales,Halomonadaceae,Halomonas,GCA_001886615.1,67.9,3.5,KX090359,56.1,5.0,30.0,25.0,35.0,45.0,40.0,UP000181985
87,Sandaracinus amylolyticus,927083,NOSO-4,Bacteria,Proteobacteria,Deltaproteobacteria,Myxococcales,Sandaracinaceae,Sandaracinus,GCA_000737325.2,72.0,10.3,HQ540311,57.7,20.0,30.0,,,44.0,24.0,UP000034883
88,Paenibacillus kribbensis,172713,AM49,Bacteria,Firmicutes,Bacilli,Bacillales,Paenibacillaceae,Paenibacillus,GCA_002240415.1,46.8,5.8,AF391123,55.1,10.0,33.5,30.0,37.0,44.0,34.0,UP000214666
89,Antarctobacter heliothermus,74033,EL-219,Bacteria,Proteobacteria,Alphaproteobacteria,Rhodobacterales,Rhodobacteraceae,Antarctobacter,GCA_002237555.1,61.5,5.3,Y11552,55.4,3.0,21.0,16.0,26.0,43.5,40.5,UP000198440
90,Methyloceanibacter caenitepidi,1384459,Gela4,Bacteria,Proteobacteria,Alphaproteobacteria,Rhizobiales,,Methyloceanibacter,GCA_000828475.1,62.8,3.4,AB794104,56.0,19.0,35.0,,,43.0,24.0,UP000031643
91,Pseudohongiella spirulinae,1249552, Ma-20,Bacteria,Proteobacteria,Gammaproteobacteria,,,Pseudohongiella,GCA_001444425.1,54.0,3.3,JX981925,55.0,10.0,30.0,,,43.0,33.0,UP000065641
92,Terribacillus goriensis,386490,CL-GR16,Bacteria,Firmicutes,Bacilli,Bacillales,Bacillaceae,Terribacillus,GCA_000725365.1,42.8,3.6,DQ519571,54.6,15.0,30.0,,,43.0,28.0,UP000027980
93,Terriglobus albidus,1592106,Ac_26_B10,Bacteria,Acidobacteria,Acidobacteriia,Acidobacteriales,Acidobacteriaceae,Terriglobus,GCA_008000815.1,57.9,6.4,KP334258,54.9,10.0,33.0,29.0,37.0,43.0,33.0,UP000321820
94,Pontibacter actiniarum,323450,KMM 6156,Bacteria,Bacteroidetes,Cytophagia,Cytophagales,Hymenobacteraceae,Pontibacter,GCA_003585765.1,53.1,5.0,AY989908,58.0,6.0,26.5,25.0,28.0,43.0,37.0,UP000266292
95,Butyricimonas faecalis,2093856,H184,Bacteria,Bacteroidetes,Bacteroidia,Bacteroidales,Odoribacteraceae,Butyricimonas,GCA_003991565.1,43.5,5.0,MG963286,57.5,25.0,37.0,,,42.0,17.0,UP000270673
96,Francisella hispaniensis,622488, FhSp1,Bacteria,Proteobacteria,Gammaproteobacteria,Thiotrichales,Francisellaceae,Francisella,GCA_001885235.1,,1.9,FN252413,51.8,20.0,37.0,,,42.0,22.0,UP000008303
97,Mageeibacillus indolicus,884684,BAA-2120 ,Bacteria,Firmicutes,Clostridia,Clostridiales,Hungateiclostridiaceae,Mageeibacillus,GCA_000025225.2,44.2,1.8,GQ900632,52.8,35.0,37.0,,,42.0,7.0,UP000236394
98,Lachnoclostridium phytofermentans,66219,ISDg,Bacteria,Firmicutes,Clostridia,Clostridiales,Lachnospiraceae,Lachnoclostridium,GCA_000018685.1,35.3,4.8,AF020431,50.8,15.0,37.0,,,42.0,27.0,UP000262969
99,Pistricoccus aurantiacus,1883414,SS9,Bacteria,Proteobacteria,Gammaproteobacteria,Oceanospirillales,Halomonadaceae,Pistricoccus,GCA_007954585.1,60.1,3.8,KT072749,57.6,4.0,33.0,,,42.0,38.0,UP000321272
100,Lysobacter soli,453783,DCY21,Bacteria,Proteobacteria,Gammaproteobacteria,Xanthomonadales,Xanthomonadaceae,Lysobacter,GCA_009755585.1,67.6,4.1,EF623862,55.5,4.0,30.0,,,42.0,38.0,UP000424027
101,Dyella thiooxydans,445710,ATSB10,Bacteria,Proteobacteria,Gammaproteobacteria,Xanthomonadales,Rhodanobacteraceae,Dyella,GCA_001641285.1,68.0,4.2,EF397574,56.2,4.0,30.0,,,42.0,38.0,UP000077255
102,Sphingobacterium daejeonense,371142,TR6-04,Bacteria,Bacteroidetes,Sphingobacteriia,Sphingobacteriales,Sphingobacteriaceae,Sphingobacterium,GCA_901472535.1,37.3,4.7,AB249372,55.0,15.0,30.0,,,42.0,27.0,UP000307775
103,Streptococcus ferus,1345,8S1,Bacteria,Firmicutes,Bacilli,Lactobacillales,Streptococcaceae,Streptococcus,GCA_900475025.1,42.8,1.9,AJ420197,53.1,25.0,39.5,37.0,42.0,42.0,17.0,UP000249495
104,Corynebacterium suranareeae,2506452,N24,Bacteria,Actinobacteria,Actinobacteria,Corynebacteriales,Corynebacteriaceae,Corynebacterium,GCA_002355155.1,51.8,3.5,MK395364,56.7,9.0,33.5,30.0,37.0,42.0,33.0,UP000218244
105,Mucilaginibacter ginsenosidivorax,862126,KHI28,Bacteria,Bacteroidetes,Sphingobacteriia,Sphingobacteriales,Sphingobacteriaceae,Mucilaginibacter,GCA_007971525.1,43.1,7.8,HM204914,51.4,10.0,33.5,30.0,37.0,42.0,32.0,UP000321362
106,Novosphingobium ginsenosidimutans,1176536,FW-6,Bacteria,Proteobacteria,Alphaproteobacteria,Sphingomonadales,Sphingomonadaceae,Novosphingobium,GCA_007954425.1,64.3,3.1,JQ349046,55.0,10.0,31.0,25.0,37.0,42.0,32.0,UP000321172
107,Woeseia oceani,1548547,XK5,Bacteria,Proteobacteria,Gammaproteobacteria,Chromatiales,Woeseiaceae,Woeseia,GCA_001677435.1,57.8,4.1,KM034745,54.9,8.0,30.0,25.0,35.0,42.0,34.0,UP000092695
108,Niabella ginsenosidivorans,1176587,BS26,Bacteria,Bacteroidetes,Chitinophagia,Chitinophagales,Chitinophagaceae,Niabella,GCA_001654455.1,44.5,5.6,JQ349050,52.1,18.0,27.5,25.0,30.0,42.0,24.0,UP000077667
109,Raoultella electrica,1259973, 1GB,Bacteria,Proteobacteria,Gammaproteobacteria,Enterobacterales,Enterobacteriaceae,Raoultella,GCA_006711645.1,55.0,5.8,AB762091,53.9,10.0,37.0,,,41.0,31.0,UP000319553
110,Acidihalobacter prosperus,160660,DSM5130,Bacteria,Proteobacteria,Gammaproteobacteria,Chromatiales,Ectothiorhodospiraceae,Acidihalobacter,GCA_001753245.1,59.9,3.6,CP017448,55.8,23.0,37.0,,,41.0,18.0,UP000029273
111,Vagococcus teuberi,519472,CG-21,Bacteria,Firmicutes,Bacilli,Lactobacillales,Enterococcaceae,Vagococcus,GCA_001870205.1,34.1,2.2,EU489723,52.4,10.0,37.0,,,41.0,31.0,UP000191200
112,Spiroplasma litorale,216942,TN-1,Bacteria,Tenericutes,Mollicutes,Entomoplasmatales,Spiroplasmataceae,Spiroplasma,GCA_001267155.1,,1.2,AY189306,50.0,10.0,32.0,,,41.0,31.0,UP000067476
113,Nitrospira moscoviensis,42253,M-1 ,Bacteria,Nitrospirae,Nitrospira,Nitrospirales,Nitrospiraceae,Nitrospira,GCA_001273775.1,62.0,4.6,X82558,57.8,33.0,39.0,,,40.0,7.0,UP000069205
114,Faecalibaculum rodentium,1702221,ALO17,Bacteria,Firmicutes,Erysipelotrichia,Erysipelotrichales,Erysipelotrichaceae,Faecalibaculum,GCA_001564455.1,54.0,2.5,KP881689,56.1,25.0,37.0,,,40.0,15.0,UP000186758
115,Erysipelothrix larvae,1514105,LV19,Bacteria,Firmicutes,Erysipelotrichia,Erysipelotrichales,Erysipelotrichaceae,Erysipelothrix,GCA_001545095.1,37.4,2.5,KJ670316,50.8,20.0,37.0,,,40.0,20.0,UP000063781
116,Spiribacter curvatus,1335757,UAH-SP71,Bacteria,Proteobacteria,Gammaproteobacteria,Chromatiales,Ectothiorhodospiraceae,Spiribacter,GCA_000485905.1,63.9,1.9,NR_145887,56.9,5.0,37.0,,,40.0,35.0,UP000017640
117,Spiribacter salinus,1335746,M19-40 ,Bacteria,Proteobacteria,Gammaproteobacteria,Chromatiales,Ectothiorhodospiraceae,Spiribacter,GCA_000319575.2,62.7,1.7,NR_103952,57.1,15.0,37.0,,,40.0,25.0,UP000315400
118,Gemmatirosa kalamazoonesis,861299,KBS708,Bacteria,Gemmatimonadetes,Gemmatimonadetes,Gemmatimonadales,Gemmatimonadaceae,Gemmatirosa,GCA_000522985.1,72.6,7.5,HM154525,61.7,20.0,37.0,,,40.0,20.0,UP000019151
119,Olleya aquimaris,639310,L-4,Bacteria,Bacteroidetes,Flavobacteriia,Flavobacteriales,Flavobacteriaceae,Olleya,GCA_003410315.1,31.2,3.5,FJ886713,49.2,4.0,37.0,,,40.0,36.0,UP000260427
120,Clostridium ljungdahlii,1538,PETC,Bacteria,Firmicutes,Clostridia,Clostridiales,Clostridiaceae,Clostridium,GCA_000143685.1,31.1,4.6,M59097,49.4,30.0,37.0,,,40.0,10.0,UP000077407
121,Capnocytophaga endodontalis,2708117,ChDC OS43,Bacteria,Bacteroidetes,Flavobacteriia,Flavobacteriales,Flavobacteriaceae,Capnocytophaga,GCA_002209445.1,38.2,3.4,NR_165677,50.9,30.0,35.0,,,40.0,10.0,UP000197007
122,Salicibibacter halophilus,2502791,NKC3-5,Bacteria,Actinobacteria,Actinobacteria,Glycomycetales,Glycomycetaceae,Salilacibacter,GCA_006740705.1,45.9,3.8,NR_165670,58.3,25.0,35.0,,,40.0,15.0,UP000319756
123,Altererythrobacter ishigakiensis,476157,JPCCMB0017,Bacteria,Proteobacteria,Alphaproteobacteria,Sphingomonadales,Erythrobacteraceae,Altererythrobacter,GCA_001663155.1,56.9,2.7,AB363004,54.1,25.0,35.0,,,40.0,15.0,UP000320547
124,Acetobacter senegalensis,446692,CWBI-B418,Bacteria,Proteobacteria,Alphaproteobacteria,Rhodospirillales,Acetobacteraceae,Acetobacter,GCA_001499615.1,54.5,4.0,AY883036,54.7,28.0,35.0,,,40.0,12.0,UP000482417
125,Altererythrobacter epoxidivorans,361183,SW-109,Bacteria,Proteobacteria,Alphaproteobacteria,Sphingomonadales,Erythrobacteraceae,Altererythrobacter,GCA_001281485.1,61.5,2.8,DQ304436,54.4,20.0,35.0,,,40.0,20.0,UP000057938
126,Aeromicrobium erythreum,2041,NRRL B-3381,Bacteria,Actinobacteria,Actinobacteria,Propionibacteriales,Nocardioidaceae,Aeromicrobium,GCA_001509405.1,72.1,3.6,AF005021,58.8,21.0,35.0,,,40.0,19.0,UP000067689
127,Thiohalobacter thiocyanaticus,585455,HRh1,Bacteria,Proteobacteria,Gammaproteobacteria,Chromatiales,,Thiohalobacter,GCA_002356355.1,64.3,3.2,FJ482231,56.2,20.0,32.0,,,40.0,20.0,UP000287798
128,Gramella salexigens,1913577,LPB0144,Bacteria,Bacteroidetes,Flavobacteriia,Flavobacteriales,Flavobacteriaceae,Gramella,GCA_001889005.1,38.2,3.0,KX066854,51.3,4.0,30.0,,,40.0,36.0,UP000182510
129,Egicoccus halophilus,1670830,EGI 80432,Bacteria,Actinobacteria,Nitriliruptoria,Egicoccales,Egicoccaceae,Egicoccus,GCA_004300825.1,72.6,4.0,KR605110,58.8,20.0,30.0,,,40.0,20.0,UP000650511
130,Lysobacter maris,1605891,KMU-14,Bacteria,Proteobacteria,Gammaproteobacteria,Xanthomonadales,Xanthomonadaceae,Lysobacter,GCA_003233695.1,69.0,4.0,LC021525,55.7,20.0,30.0,,,40.0,20.0,UP000320431
131,Rhizobium flavum,1335061,YW14,Bacteria,Proteobacteria,Alphaproteobacteria,Rhizobiales,Rhizobiaceae,Rhizobium,GCA_902502825.1,61.5,4.7,KC904963,55.8,10.0,30.0,,,40.0,30.0,UP000535501
132,Flavobacterium commune,1306519,PK15,Bacteria,Bacteroidetes,Flavobacteriia,Flavobacteriales,Flavobacteriaceae,Flavobacterium,GCA_001857965.1,34.4,3.9,KC355351,50.9,4.0,30.0,,,40.0,36.0,UP000178198
133,Gordonia phthalatica,1136941,QH-11,Bacteria,Actinobacteria,Actinobacteria,Corynebacteriales,Gordoniaceae,Gordonia,GCA_001305675.1,68.0,4.4,JN641798,57.8,15.0,30.0,,,40.0,25.0,UP000063789
134,Gordonia iterans,1004901, IFM 10348,Bacteria,Actinobacteria,Actinobacteria,Corynebacteriales,Gordoniaceae,Gordonia,GCA_002993285.1,69.0,4.0,AB624257,57.1,15.0,30.0,,,40.0,25.0,UP000239814
135,Kangiella geojedonensis,914150,YCS-5,Bacteria,Proteobacteria,Gammaproteobacteria,Oceanospirillales,Kangiellaceae,Kangiella,GCA_000981765.1,43.8,2.5,HQ340606,52.4,10.0,30.0,,,40.0,30.0,UP000034071
136,Bacillus kochii,859143,WCC 4582,Bacteria,Firmicutes,Bacilli,Bacillales,Bacillaceae,Bacillus,GCA_002276165.1,36.8,4.7,FN995265,53.5,10.0,30.0,,,40.0,30.0,UP000215137
137,Serinicoccus chungangensis,767452,CAU 9536,Bacteria,Actinobacteria,Actinobacteria,Micrococcales,Intrasporangiaceae,Serinicoccus,GCA_006337125.1,73.1,3.5,HM068886,58.4,20.0,30.0,,,40.0,20.0,UP000054837
138,Sulfurospirillum cavolei,366522,Phe91,Bacteria,Proteobacteria,Epsilonproteobacteria,Campylobacterales,Campylobacteraceae,Sulfurospirillum,GCA_001548055.1,43.9,2.7,AB246781,49.7,20.0,30.0,,,40.0,20.0,UP000231638
139,Spiroplasma eriocheiris,315358,TDA-040725-5,Bacteria,Tenericutes,Mollicutes,Entomoplasmatales,Spiroplasmataceae,Spiroplasma,GCA_001029265.1,29.8,1.4,DQ917753,50.4,20.0,30.0,,,40.0,20.0,UP000035661
140,Tistrella mobilis,171437,IAM 14872,Bacteria,Proteobacteria,Alphaproteobacteria,Rhodospirillales,Rhodospirillaceae,Tistrella,GCA_000264455.2,,6.5,AB071665,56.6,20.0,30.0,,,40.0,20.0,UP000257706
141,Paenibacillus terrae,159743,AM141,Bacteria,Firmicutes,Bacilli,Bacillales,Paenibacillaceae,Paenibacillus,GCA_000235585.1,46.8,6.1,AF391124,55.3,10.0,30.0,,,40.0,30.0,UP000308114
142,Bacillus lentus,1467,ATCC 10840,Bacteria,Firmicutes,Bacilli,Bacillales,Bacillaceae,Bacillus,GCA_900478165.1,36.7,4.4,AB021189,54.8,10.0,30.0,,,40.0,30.0,UP000249134
143,Streptomyces spongiicola,1690221,HNM0071,Bacteria,Actinobacteria,Actinobacteria,Streptomycetales,Streptomycetaceae,Streptomyces,GCA_003122365.1,72.4,7.2,KT327868,59.8,20.0,28.0,,,40.0,20.0,UP000265354
144,Ketobacter alkanivorans,1917421,GI5,Bacteria,Proteobacteria,Gammaproteobacteria,Oceanospirillales,Alcanivoracaceae,Ketobacter,GCA_002863865.1,51.2,4.9,KY303768,54.4,18.0,25.0,,,40.0,22.0,UP000235116
145,Flavobacterium arcticum,1784713,SM1502,Bacteria,Bacteroidetes,Flavobacteriia,Flavobacteriales,Flavobacteriaceae,Flavobacterium,GCA_003344925.1,35.0,3.0,KU529277,50.0,10.0,25.0,,,40.0,30.0,UP000253951
146,Geovibrio thiophilus,139438,AAFu3,Bacteria,Deferribacteres,Deferribacteres,Deferribacterales,Deferribacteraceae,Geovibrio,GCA_004087915.1,48.1,3.0,AJ299402,53.8,4.0,38.5,37.0,40.0,40.0,36.0,UP000287502
147,Kangiella sediminilitoris,1144748,Mw22,Bacteria,Proteobacteria,Gammaproteobacteria,Oceanospirillales,Kangiellaceae,Kangiella,GCA_001708405.1,43.4,2.5,JQ317935,52.9,10.0,33.5,30.0,37.0,40.0,30.0,UP000094147
148,Hypericibacter adhaerens,2602016,R5959,Bacteria,Proteobacteria,Alphaproteobacteria,Rhodospirillales,Rhodospirillaceae,,GCA_008728835.1,67.4,5.9,MH450230,57.5,24.0,34.5,33.0,36.0,40.0,16.0,UP000325797
149,Paenibacillus bovis,1616788,BD3526,Bacteria,Firmicutes,Bacilli,Bacillales,Paenibacillaceae,Paenibacillus,GCA_001421015.2,47.2,5.5,KM978955,54.3,10.0,32.5,30.0,35.0,40.0,30.0,UP000078148
150,Maritalea myrionectae,454601,CL-SK30,Bacteria,Proteobacteria,Alphaproteobacteria,Rhizobiales,Hyphomicrobiaceae,Maritalea,GCA_003433515.1,52.4,3.7,EF988631,54.3,10.0,32.5,30.0,35.0,40.0,30.0,UP000258927
151,Virgibacillus necropolis,163877,LMG 19488,Bacteria,Firmicutes,Bacilli,Bacillales,Bacillaceae,Virgibacillus,GCA_002224365.1,37.3,4.3,AJ315056,54.6,10.0,30.0,25.0,35.0,40.0,30.0,UP000204391
152,Hydrocarboniclastica marina,2259620,Soil36-7,Bacteria,Proteobacteria,Gammaproteobacteria,Alteromonadales,Alteromonadaceae,Hydrocarboniclastica,GCA_004851605.1,58.0,4.3,MH572220,55.8,4.0,30.0,28.0,32.0,40.0,36.0,UP000298049
153,Martelella endophytica,1486262,YC6887,Bacteria,Proteobacteria,Alphaproteobacteria,Rhizobiales,Aurantimonadaceae,Martelella,GCA_000960975.1,62.1,4.8,HM800924,54.9,4.0,29.0,28.0,30.0,40.0,36.0,UP000032611
154,Mesorhizobium soli,1295366,NHI-8,Bacteria,Proteobacteria,Alphaproteobacteria,Rhizobiales,Phyllobacteriaceae,Mesorhizobium,GCA_008727715.1,63.2,6.0,KC484966,56.9,15.0,29.0,28.0,30.0,40.0,25.0,UP000240653
155,Janibacter indicus,857417,0704P10-1,Bacteria,Actinobacteria,Actinobacteria,Micrococcales,Intrasporangiaceae,Janibacter,GCA_001889125.1,71.2,3.4,HM222655,57.0,15.0,29.0,28.0,30.0,40.0,25.0,UP000593998
156,Antarcticibacterium flavum,2058175,JB01H24,Bacteria,Bacteroidetes,Flavobacteriia,Flavobacteriales,Flavobacteriaceae,Antarcticibacterium,GCA_006159205.1,40.9,4.4,KY985303,50.4,4.0,27.5,25.0,30.0,40.0,36.0,UP000309016
157,Marinobacter similis,1420916,A3d10,Bacteria,Proteobacteria,Gammaproteobacteria,Alteromonadales,Alteromonadaceae,Marinobacter,GCA_000830985.1,57.6,4.0,KJ547704,54.8,4.0,27.5,25.0,30.0,40.0,36.0,UP000061489
158,Caulobacter mirabilis,69666,FWC 38,Bacteria,Proteobacteria,Alphaproteobacteria,Caulobacterales,Caulobacteraceae,Caulobacter,GCA_002749615.1,69.3,4.6,AJ227774,55.5,10.0,25.0,20.0,30.0,40.0,30.0,UP000228945
159,Chitinophaga pinensis,79329,ATCC 43595,Bacteria,Bacteroidetes,Chitinophagia,Chitinophagales,Chitinophagaceae,Chitinophaga,GCA_000024005.1,45.2,9.1,AF078775,50.5,10.0,23.5,23.0,24.0,40.0,30.0,UP000318815
160,Steroidobacter denitrificans,465721,FS,Bacteria,Proteobacteria,Gammaproteobacteria,Nevskiales,Sinobacteraceae,Steroidobacter,GCA_001579945.1,61.7,3.5,EF605262,55.4,20.0,29.0,28.0,30.0,38.0,18.0,UP000070250
161,Microterricola viridarii,412690,KV-677,Bacteria,Actinobacteria,Actinobacteria,Micrococcales,Microbacteriaceae,Microterricola,GCA_001542775.1,68.7,3.7,AB282862,56.3,10.0,22.5,15.0,30.0,38.0,28.0,UP000181956
162,Deinococcus irradiatisoli,2202254,17bor-2,Bacteria,Deinococcus-Thermus,Deinococci,Deinococcales,Deinococcaceae,Deinococcus,GCA_003173015.1,67.0,3.1,KY939573,56.4,18.0,29.0,28.0,30.0,37.0,19.0,UP000245368
163,Ottowia oryzae,2109914,KADR8-3,Bacteria,Proteobacteria,Betaproteobacteria,Burkholderiales,Comamonadaceae,Ottowia,GCA_003008535.1,66.8,3.9,MH031704,54.8,10.0,29.0,28.0,30.0,37.0,27.0,UP000239709
164,Nibricoccus aquaticus,2576891,HZ-65,Bacteria,Verrucomicrobia,Opitutae,Opitutales,Opitutaceae,Nibricoccus,GCA_002310495.1,62.2,4.7,MF944111,55.4,15.0,27.5,25.0,30.0,37.0,22.0,UP000217265
165,Marinobacter salinus,1874317,Hb8,Bacteria,Proteobacteria,Gammaproteobacteria,Alteromonadales,Alteromonadaceae,Marinobacter,GCA_001854125.1,55.9,4.1,KX063622,55.4,10.0,37.0,,,37.0,27.0,UP000177445
166,Acholeplasma axanthum,29552,S-743,Bacteria,Tenericutes,Mollicutes,Acholeplasmatales,Acholeplasmataceae,Acholeplasma,GCA_900660745.1,28.1,1.9,AF412968,48.9,22.0,37.0,,,37.0,15.0,UP000289841
167,Hathewaya histolytica,1498,ATCC 19401,Bacteria,Firmicutes,Clostridia,Clostridiales,Clostridiaceae,Hathewaya,GCA_901482605.1,,2.7,M59094,51.3,25.0,37.0,,,37.0,12.0,UP000308489
168,Clostridium kluyveri,1534,ATCC 8527,Bacteria,Firmicutes,Clostridia,Clostridiales,Clostridiaceae,Clostridium,GCA_000016505.1,32.0,4.0,M59092,52.4,19.0,35.0,,,37.0,18.0,UP000184604
169,Methylophaga frappieri,754477,JAM7,Bacteria,Proteobacteria,Gammaproteobacteria,Thiotrichales,Piscirickettsiaceae,Methylophaga,GCA_000260965.1,47.9,2.7,NR_117532,52.9,15.0,34.0,,,37.0,22.0,UP000009145
170,Spiroplasma cantharicola,362837,CC-1,Bacteria,Tenericutes,Mollicutes,Entomoplasmatales,Spiroplasmataceae,Spiroplasma,GCA_001281045.1,25.0,1.2,DQ861914,49.8,10.0,32.0,,,37.0,27.0,UP000063919
171,Blastococcus saxobsidens,138336,BC444 ,Bacteria,Actinobacteria,Actinobacteria,Geodermatophilales,Geodermatophilaceae,Blastococcus,GCA_000284015.1,72.9,4.9,AJ316571,59.3,20.0,32.0,,,37.0,17.0,UP000479241
172,Acidipropionibacterium virtanenii,2057246,JS278,Bacteria,Actinobacteria,Actinobacteria,Propionibacteriales,Propionibacteriaceae,Acidipropionibacterium,GCA_003325455.1,68.4,3.4,MG596783,57.4,12.0,30.0,,,37.0,25.0,UP000251995
173,Panacibacter ginsenosidivorans,1813871,Gsoil 1550,Bacteria,Bacteroidetes,Chitinophagia,Chitinophagales,Chitinophagaceae,Panacibacter,GCA_007971225.1,37.9,5.5,KT950744,51.3,10.0,30.0,,,37.0,27.0,UP000321533
174,Euzebyella marina,1761453,CY01,Bacteria,Bacteroidetes,Flavobacteriia,Flavobacteriales,Flavobacteriaceae,Euzebyella,GCA_003687485.1,40.2,4.7,KU174197,56.5,15.0,30.0,,,37.0,22.0,UP000276309
175,Blastomonas fulva,1550728,T2,Bacteria,Proteobacteria,Alphaproteobacteria,Sphingomonadales,Sphingomonadaceae,Blastomonas,GCA_003431825.1,64.2,4.1,KM670031,53.7,8.0,30.0,,,37.0,29.0,UP000258016
176,Defluviimonas alba,1335048,cai42,Bacteria,Proteobacteria,Alphaproteobacteria,Rhodobacterales,Rhodobacteraceae,Defluviimonas,GCA_001620265.1,,5.0,KC222646,55.1,20.0,30.0,,,37.0,17.0,UP000076128
177,Tessaracoccus aquimaris,1332264,NSG39,Bacteria,Actinobacteria,Actinobacteria,Propionibacteriales,Propionibacteriaceae,Tessaracoccus,GCA_001997345.1,68.8,3.9,KC884005,57.1,15.0,30.0,,,37.0,22.0,UP000188145
178,Flaviflexus salsibiostraticola,1282737,EBR4-1-2,Bacteria,Actinobacteria,Actinobacteria,Actinomycetales,Actinomycetaceae,Flaviflexus,GCA_003952265.1,65.6,2.6,KC251737,57.3,20.0,30.0,,,37.0,17.0,UP000270021
179,Gemmata massiliana,1210884,CSUR P189,Bacteria,Planctomycetes,Planctomycetia,Planctomycetales,Gemmataceae,Gemmata,GCA_901538265.1,64.0,10.1,JX088244,56.2,25.0,30.0,,,37.0,12.0,UP000464178
180,Comamonas serinivorans,1082851,SP-35,Bacteria,Proteobacteria,Betaproteobacteria,Burkholderiales,Comamonadaceae,Comamonas,GCA_002158865.1,67.9,4.5,JN604116,55.4,20.0,30.0,,,37.0,17.0,UP000196138
181,Paracoccus zhejiangensis,1077935,J6,Bacteria,Proteobacteria,Alphaproteobacteria,Rhodobacterales,Rhodobacteraceae,Paracoccus,GCA_002847445.1,65.6,4.6,JN561152,55.2,10.0,30.0,,,37.0,27.0,UP000234530
182,Microbacterium lemovicicum,1072463,ViU22,Bacteria,Actinobacteria,Actinobacteria,Micrococcales,Microbacteriaceae,Microbacterium,GCA_003991875.1,70.9,3.6,JN243353,56.1,15.0,30.0,,,37.0,22.0,UP000276888
183,Planococcus plakortidis,1038856,AS/ASP6 ,Bacteria,Firmicutes,Bacilli,Bacillales,Planococcaceae,Planococcus,GCA_001687605.2,50.0,3.3,JF775504,56.4,15.0,30.0,,,37.0,22.0,UP000092650
184,Vibrio jasicida,766224,TCFB 0772,Bacteria,Proteobacteria,Gammaproteobacteria,Vibrionales,Vibrionaceae,Vibrio,GCA_002887615.1,45.1,6.0,AB562589,53.9,25.0,30.0,,,37.0,12.0,UP000562146
185,Altererythrobacter namhicola,645517,KYW48,Bacteria,Proteobacteria,Alphaproteobacteria,Sphingomonadales,Erythrobacteraceae,Altererythrobacter,GCA_001687545.1,65.0,2.6,FJ935793,54.3,15.0,30.0,,,37.0,22.0,UP000092698
186,Neomicrococcus aestuarii,556325,DY66 ,Bacteria,Actinobacteria,Actinobacteria,Micrococcales,Micrococcaceae,Neomicrococcus,GCA_001887245.1,59.1,2.7,EU939716,56.2,4.0,30.0,,,37.0,33.0,UP000580797
187,Chryseobacterium taklimakanense,536441,X-65,Bacteria,Bacteroidetes,Flavobacteriia,Flavobacteriales,Flavobacteriaceae,Chryseobacterium,GCA_900187185.1,40.4,2.8,EU718058,51.1,18.0,30.0,,,37.0,19.0,UP000282297
188,Erythrobacter gangjinensis,502682,K7-2,Bacteria,Proteobacteria,Alphaproteobacteria,Sphingomonadales,Erythrobacteraceae,Erythrobacter,GCA_001886695.1,62.7,2.7,EU428782,54.1,15.0,30.0,,,37.0,22.0,UP000183202
189,Arachidicoccus ginsenosidivorans,496057,Gsoil 809,Bacteria,Bacteroidetes,Chitinophagia,Chitinophagales,Chitinophagaceae,Arachidicoccus,GCA_007971385.1,41.1,5.8,EU370955,50.2,10.0,30.0,,,37.0,27.0,UP000321291
190,Variovorax boronicumulans,436515,BAM-48,Bacteria,Proteobacteria,Betaproteobacteria,Burkholderiales,Comamonadaceae,Variovorax,GCA_002291405.1,68.0,7.1,AB300597,54.2,4.0,30.0,,,37.0,33.0,UP000441010
191,Acholeplasma brassicae,61635,0502T,Bacteria,Tenericutes,Mollicutes,Acholeplasmatales,Acholeplasmataceae,Acholeplasma,GCA_000967915.1,35.8,1.9,AY538163,49.6,18.0,30.0,,,37.0,19.0,UP000032737
192,Sporomusa termitida,2377,JSN-2,Bacteria,Firmicutes,Negativicutes,Selenomonadales,Sporomusaceae,Sporomusa,GCA_007641255.1,49.1,5.3,M61920,53.4,19.0,30.0,,,37.0,18.0,UP000320776
193,Stigmatella aurantiaca,41,ATCC 25190,Bacteria,Proteobacteria,Deltaproteobacteria,Myxococcales,Archangiaceae,Stigmatella,GCA_000165485.1,67.5,10.3,M94281,53.1,18.0,30.0,,,37.0,19.0,UP000182719
194,Jeotgalibaca dankookensis,708126,EX-07,Bacteria,Firmicutes,Bacilli,Lactobacillales,Carnobacteriaceae,Jeotgalibaca,GCA_002005405.1,37.4,2.1,GU317945,54.1,10.0,28.0,,,37.0,27.0,UP000188993
195,Erythrobacter atlanticus,1648404,s21-N3,Bacteria,Proteobacteria,Alphaproteobacteria,Sphingomonadales,Erythrobacteraceae,Erythrobacter,GCA_001077815.2,58.4,3.2,KP994305,53.7,4.0,28.0,,,37.0,33.0,UP000059113
196,Hartmannibacter diazotrophicus,1482074,E19,Bacteria,Proteobacteria,Alphaproteobacteria,Rhizobiales,,Hartmannibacter,GCA_900231165.1,64.0,5.4,KC567245,56.0,22.0,28.0,,,37.0,15.0,UP000223606
197,Celeribacter manganoxidans,1411902,DY2-5,Bacteria,Proteobacteria,Alphaproteobacteria,Rhodobacterales,Rhodobacteraceae,Celeribacter,GCA_002504165.1,64.8,4.0,KF356415,54.1,0.0,28.0,,,37.0,37.0,UP000219050
198,Aquabacterium olei,1296669,NHI-1,Bacteria,Proteobacteria,Betaproteobacteria,Burkholderiales,,Aquabacterium,GCA_003100395.1,67.3,4.3,KC424519,56.3,10.0,28.0,,,37.0,27.0,UP000244892
199,Streptomyces hundungensis,1077946,MBRL 251,Bacteria,Actinobacteria,Actinobacteria,Streptomycetales,Streptomycetaceae,Streptomyces,GCA_003627815.1,70.9,8.4,JN560157,58.5,15.0,28.0,,,37.0,22.0,UP000271554
200,Desulfosarcina widdelii,947919,PP31,Bacteria,Proteobacteria,Deltaproteobacteria,Desulfobacterales,Desulfobacteraceae,Desulfosarcina,GCA_009688965.1,54.0,7.3,AB610146,53.5,20.0,28.0,,,37.0,17.0,UP000427769
201,Streptomyces xiamenensis,408015,MCCC 1A01550,Bacteria,Actinobacteria,Actinobacteria,Streptomycetales,Streptomycetaceae,Streptomyces,GCA_000993785.3,72.0,6.0,EF012099,58.5,15.0,28.0,,,37.0,22.0,UP000034034
202,Paenibacillus borealis,160799,KK19,Bacteria,Firmicutes,Bacilli,Bacillales,Paenibacillaceae,Paenibacillus,GCA_000758665.1,51.4,8.2,AJ011322,55.5,5.0,28.0,,,37.0,32.0,UP000187412
203,Methylocystis rosea,173366,SV97,Bacteria,Proteobacteria,Alphaproteobacteria,Rhizobiales,Methylocystaceae,Methylocystis,GCA_003855495.1,62.5,4.2,AJ414656,56.3,5.0,27.0,,,37.0,32.0,UP000424673
204,Saccharibacillus brassicae,2583377,ATSA2,Bacteria,Firmicutes,Bacilli,Bacillales,Paenibacillaceae,Saccharibacillus,GCA_006542275.1,58.4,5.6,MN100138,55.7,15.0,25.0,,,37.0,22.0,UP000316968
205,Wenyingzhuangia fucanilytica,1790137,CZ1127,Bacteria,Bacteroidetes,Flavobacteriia,Flavobacteriales,Flavobacteriaceae,Wenyingzhuangia,GCA_001697185.1,31.6,3.4,FJ526380,49.0,15.0,25.0,,,37.0,22.0,UP000092967
206,Flavobacterium kingsejongi,1678728,WV39,Bacteria,Bacteroidetes,Flavobacteriia,Flavobacteriales,Flavobacteriaceae,Flavobacterium,GCA_003076475.1,39.8,4.2,KT239020,50.6,10.0,25.0,,,37.0,27.0,UP000244677
207,Mucilaginibacter gotjawali,1550579,SA3-7 ,Bacteria,Bacteroidetes,Sphingobacteriia,Sphingobacteriales,Sphingobacteriaceae,Mucilaginibacter,GCA_002355435.1,43.2,6.3,KM588182,51.1,10.0,25.0,,,37.0,27.0,UP000539265
208,Flavisolibacter tropicus,1492898,LCS9,Bacteria,Bacteroidetes,Chitinophagia,Chitinophagales,Chitinophagaceae,Flavisolibacter,GCA_001644645.1,41.5,5.9,KJ461518,53.3,10.0,25.0,,,37.0,27.0,UP000077177
209,Planococcus halocryophilus,1215089,Or1,Bacteria,Firmicutes,Bacilli,Bacillales,Planococcaceae,Planococcus,GCA_001687585.2,40.1,3.4,JF742665,55.6,-10.0,25.0,,,37.0,47.0,UP000092687
210,Bacillus lehensis,300825,MLB2 ,Bacteria,Firmicutes,Bacilli,Bacillales,Bacillaceae,Bacillus,GCA_000706725.1,39.9,4.0,AY793550,54.7,10.0,25.0,,,37.0,27.0,UP000298210
211,Yoonia vestfoldensis,245188,LMG 22003,Bacteria,Proteobacteria,Alphaproteobacteria,Rhodobacterales,Rhodobacteraceae,Yoonia,GCA_002158905.1,60.7,4.0,AJ582226,54.2,5.0,25.0,,,37.0,32.0,UP000195273
212,Acholeplasma hippikon,264636,C1,Bacteria,Tenericutes,Mollicutes,Acholeplasmatales,Acholeplasmataceae,Acholeplasma,GCA_900660755.1,31.0,1.5,AY538167,48.6,22.0,36.0,35.0,37.0,37.0,15.0,UP000290909
213,Altererythrobacter dongtanensis,692370,JM27,Bacteria,Proteobacteria,Alphaproteobacteria,Sphingomonadales,Erythrobacteraceae,Altererythrobacter,GCA_001698205.1,65.8,3.0,GU166344,54.9,10.0,33.5,30.0,37.0,37.0,27.0,UP000092932
214,Dehalogenimonas formicexedens,1839801,NSZ-14,Bacteria,Chloroflexi,Dehalococcoidia,,,Dehalogenimonas,GCA_001953175.1,54.0,2.1,KX274280,53.7,20.0,32.0,30.0,34.0,37.0,17.0,UP000185934
215,Desulfosarcina alkanivorans,571177,PL12,Bacteria,Proteobacteria,Deltaproteobacteria,Desulfobacterales,Desulfobacteraceae,Desulfosarcina,GCA_009688945.1,56.6,7.3,AB468588,53.4,18.0,32.0,30.0,34.0,37.0,19.0,UP000427906
216,Sulfuricaulis limicola,1620215,HA5,Bacteria,Proteobacteria,Gammaproteobacteria,Acidiferrobacterales,Acidiferrobacteraceae,Sulfuricaulis,GCA_002355735.1,61.4,2.9,LC030205,55.8,8.0,30.0,28.0,32.0,37.0,29.0,UP000243180
217,Caulobacter flavus,1679497,RHGG3,Bacteria,Proteobacteria,Alphaproteobacteria,Caulobacterales,Caulobacteraceae,Caulobacter,GCA_003722335.1,69.3,5.7,KR086403,55.8,10.0,29.0,28.0,30.0,37.0,27.0,UP000281192
218,Chondromyces crocatus,52,Cm c5,Bacteria,Proteobacteria,Deltaproteobacteria,Myxococcales,Polyangiaceae,Chondromyces,GCA_001189295.1,68.7,11.4,GU207874,57.5,18.0,29.0,28.0,30.0,37.0,19.0,UP000067626
219,Paraburkholderia aromaticivorans,2026199,BN5,Bacteria,Proteobacteria,Betaproteobacteria,Burkholderiales,Burkholderiaceae,Paraburkholderia,GCA_002278075.1,62.9,8.9,MF817715,56.0,20.0,27.5,25.0,30.0,37.0,17.0,UP000215158
220,Sphingomonas panacis,1560345,DCY99 ,Bacteria,Proteobacteria,Alphaproteobacteria,Sphingomonadales,Sphingomonadaceae,Sphingomonas,GCA_001717955.1,65.5,5.3,KM819014,54.0,10.0,27.5,25.0,30.0,37.0,27.0,UP000094256
221,Luteimicrobium xylanilyticum,1133546,W-15,Bacteria,Actinobacteria,Actinobacteria,Micrococcales,,Luteimicrobium,GCA_009429125.1,72.8,4.2,JQ039191,58.2,15.0,27.5,25.0,30.0,37.0,22.0,UP000326702
222,Alteromonas naphthalenivorans,715451,SN2 ,Bacteria,Proteobacteria,Gammaproteobacteria,Alteromonadales,Alteromonadaceae,Alteromonas,GCA_000213655.1,43.5,5.0,GU166736,52.4,4.0,27.5,25.0,30.0,37.0,33.0,UP000000683
223,Methylocystis bryophila,655015,H2s,Bacteria,Proteobacteria,Alphaproteobacteria,Rhizobiales,Methylocystaceae,Methylocystis,GCA_002117405.1,63.1,4.7,FN422003,56.7,8.0,27.5,25.0,30.0,37.0,29.0,UP000193978
224,Planococcus donghaensis,414778,JH1,Bacteria,Firmicutes,Bacilli,Bacillales,Planococcaceae,Planococcus,GCA_001687665.2,40.1,3.3,EF079063,55.9,4.0,27.5,25.0,30.0,37.0,33.0,UP000092495
225,Starkeya novella,921,ATCC 8093,Bacteria,Proteobacteria,Alphaproteobacteria,Rhizobiales,Xanthobacteraceae,Starkeya,GCA_000092925.1,67.9,4.8,D32247,56.2,10.0,27.5,25.0,30.0,37.0,27.0,UP000249577
226,Lentzea guizhouensis,1586287,DHS C013,Bacteria,Actinobacteria,Actinobacteria,Pseudonocardiales,Pseudonocardiaceae,Lentzea,GCA_001701025.1,70.0,10.0,KM597488,59.0,10.0,26.5,25.0,28.0,37.0,27.0,UP000093053
227,Aurantimicrobium minutum,708131,KNC,Bacteria,Actinobacteria,Actinobacteria,Micrococcales,Microbacteriaceae,Aurantimicrobium,GCA_002355535.1,52.8,1.6,AB540017,56.1,15.0,22.5,20.0,25.0,37.0,22.0,UP000243847
228,Lacunisphaera limnophila,1838286,IG16b,Bacteria,Verrucomicrobia,Opitutae,Opitutales,Opitutaceae,Lacunisphaera,GCA_001746835.1,66.5,4.2,KX058882,54.6,13.0,32.0,,,36.0,23.0,UP000095228
229,Geobacter pickeringii,345632,G13,Bacteria,Proteobacteria,Deltaproteobacteria,Desulfuromonadales,Geobacteraceae,Geobacter,GCA_000817955.1,62.3,3.6,DQ145535,56.4,10.0,30.0,,,36.0,26.0,UP000057609
230,Hypericibacter terrae,2602015,R5913,Bacteria,Proteobacteria,Alphaproteobacteria,Rhodospirillales,Rhodospirillaceae,,GCA_008728855.1,66.0,5.9,MG271952,57.1,20.0,30.0,27.0,33.0,36.0,16.0,UP000326202
231,Shewanella maritima,2520507,D4-2,Bacteria,Proteobacteria,Gammaproteobacteria,Alteromonadales,Shewanellaceae,Shewanella,GCA_004295345.1,44.5,4.7,MK212917,54.1,10.0,30.5,29.0,32.0,36.0,26.0,UP000291106
232,Immundisolibacter cernigliae,1810504,TR3.2,Bacteria,Proteobacteria,Gammaproteobacteria,Immundisolibacterales,Immundisolibacteraceae,Immundisolibacter,GCA_001697225.1,67.8,3.2,D84020,53.7,20.0,29.0,28.0,30.0,36.0,16.0,UP000092952
233,Fictibacillus phosphorivorans,1221500,Ca7,Bacteria,Firmicutes,Bacilli,Bacillales,Bacillaceae,Fictibacillus,GCA_001629705.2,39.3,4.2,JX258924,54.6,15.0,29.0,28.0,30.0,36.0,21.0,UP000366026
234,Luteitalea pratensis,1855912,HEG_−6_39,Bacteria,Acidobacteria,Vicinamibacteria,,Vicinamibacteraceae,Luteitalea,GCA_001618865.1,67.2,7.5,KT287072,58.1,0.0,25.0,20.0,30.0,36.0,36.0,UP000076079
235,Luteibacter pinisoli,2589080,MAH-14,Bacteria,Proteobacteria,Gammaproteobacteria,Xanthomonadales,Rhodanobacteraceae,Luteibacter,GCA_006385595.1,66.1,4.6,KY964279,56.2,10.0,29.0,28.0,30.0,35.0,25.0,UP000316093
236,Ahniella affigens,2021234,D13,Bacteria,Proteobacteria,Gammaproteobacteria,Xanthomonadales,Rhodanobacteraceae,Ahniella,GCA_003015185.1,60.5,6.1,KY649437,55.8,15.0,30.0,,,35.0,20.0,UP000241074
237,Paraphotobacterium marinum,1755811,NSCS20N07D,Bacteria,Proteobacteria,Gammaproteobacteria,Vibrionales,Vibrionaceae,Paraphotobacterium,GCA_002216855.1,31.2,2.6,KU140414,53.2,15.0,30.0,,,35.0,20.0,UP000242175
238,Pontimonas salivibrio,1159327,CL-TW6,Bacteria,Actinobacteria,Actinobacteria,Micrococcales,Microbacteriaceae,Pontimonas,GCA_002950575.1,58.3,1.8,JQ639087,56.3,15.0,30.0,,,35.0,20.0,UP000243077
239,Roseimaritima ulvae,980254,UC8,Bacteria,Planctomycetes,Planctomycetia,Planctomycetales,Planctomycetaceae,Roseimaritima,GCA_008065135.1,59.1,8.2,HQ845508,55.5,15.0,30.0,,,35.0,20.0,UP000325286
240,Psychrobacter alimentarius,261164,JG-100,Bacteria,Proteobacteria,Gammaproteobacteria,Pseudomonadales,Moraxellaceae,Psychrobacter,GCA_001606025.1,42.9,3.3,AY513645,52.5,4.0,30.0,,,35.0,31.0,UP000076104
241,Gemmatimonas aurantiaca,173480,T-27,Bacteria,Gemmatimonadetes,Gemmatimonadetes,Gemmatimonadales,Gemmatimonadaceae,Gemmatimonas,GCA_000010305.1,64.3,4.6,AB072735,60.2,25.0,30.0,,,35.0,10.0,UP000264071
242,Micropruina glycogenica,75385,JCM 10248,Bacteria,Actinobacteria,Actinobacteria,Propionibacteriales,Nocardioidaceae,Micropruina,GCA_900289045.1,68.3,3.8,AB012607,56.4,20.0,30.0,,,35.0,15.0,UP000238164
243,Pseudoalteromonas tetraodonis,43659,GFC,Bacteria,Proteobacteria,Gammaproteobacteria,Alteromonadales,Pseudoalteromonadaceae,Pseudoalteromonas,GCA_002310835.1,40.3,4.1,AF214729,52.8,15.0,30.0,,,35.0,20.0,UP000217351
244,Pseudoalteromonas espejiana,28107,261,Bacteria,Proteobacteria,Gammaproteobacteria,Alteromonadales,Pseudoalteromonadaceae,Pseudoalteromonas,GCA_002221525.1,40.3,4.5,X82143,52.9,10.0,30.0,,,35.0,25.0,UP000321419
245,Sphingomonas hengshuiensis,1609977,WHSC-8,Bacteria,Proteobacteria,Alphaproteobacteria,Sphingomonadales,Sphingomonadaceae,Sphingomonas,GCA_000935025.1,66.7,5.2,KC118516,53.7,20.0,28.0,,,35.0,15.0,UP000248614
246,Sulfuricurvum kujiense,148813,YK-1,Bacteria,Proteobacteria,Epsilonproteobacteria,Campylobacterales,Helicobacteraceae,Sulfuricurvum,GCA_000183725.1,44.6,2.8,AB053951,51.7,10.0,25.0,,,35.0,25.0,UP000228859
247,Aquisphaera giovannonii,406548,OJF2,Bacteria,Planctomycetes,Planctomycetia,Planctomycetales,Isosphaeraceae,Aquisphaera,GCA_008087625.1,,10.5,DQ986200,61.4,10.0,32.5,30.0,35.0,35.0,25.0,UP000324233
248,Rugosibacter aromaticivorans,1565605,Ca6,Bacteria,Proteobacteria,Betaproteobacteria,Rhodocyclales,Rhodocyclaceae,Rugosibacter,GCA_000934545.1,55.1,2.9,NR_156019,56.1,20.0,32.0,30.0,34.0,35.0,15.0,UP000061603
249,Mariprofundus ferrinatatus,1921087,CP-8,Bacteria,Proteobacteria,Zetaproteobacteria,Mariprofundales,Mariprofundaceae,Mariprofundus,GCA_002795825.1,53.7,2.3,CP018800,52.5,15.0,27.5,25.0,30.0,35.0,20.0,UP000231637
250,Flavivirga eckloniae,1803846,ECD14,Bacteria,Bacteroidetes,Flavobacteriia,Flavobacteriales,Flavobacteriaceae,Flavivirga,GCA_002886045.1,33.9,5.7,KU725769,51.7,10.0,27.5,25.0,30.0,35.0,25.0,UP000235826
251,Tenacibaculum jejuense,584609,CNURIC013,Bacteria,Bacteroidetes,Flavobacteriia,Flavobacteriales,Flavobacteriaceae,Tenacibaculum,GCA_900198195.1,30.3,4.6,FJ490366,49.4,15.0,27.5,25.0,30.0,35.0,20.0,UP000215214
252,Asticcacaulis excentricus,78587,AC48,Bacteria,Proteobacteria,Alphaproteobacteria,Caulobacterales,Caulobacteraceae,Asticcacaulis,GCA_000175215.2,59.5,4.3,AJ247194,54.4,15.0,27.5,25.0,30.0,35.0,20.0,UP000278756
253,Collimonas fungivorans,158899,Ter6,Bacteria,Proteobacteria,Betaproteobacteria,Burkholderiales,Oxalobacteraceae,Collimonas,GCA_001584145.1,59.0,5.6,AJ310394,53.0,4.0,25.0,20.0,30.0,35.0,31.0,UP000072421
254,Pseudomonas silesiensis,1853130,A3,Bacteria,Proteobacteria,Gammaproteobacteria,Pseudomonadales,Pseudomonadaceae,Pseudomonas,GCA_001661075.1,59.6,6.8,NR_156815,54.0,4.0,22.5,15.0,30.0,35.0,31.0,UP000078354
255,Paraglaciecola mesophila,197222,KMM 241,Bacteria,Proteobacteria,Gammaproteobacteria,Alteromonadales,Alteromonadaceae,Paraglaciecola,GCA_009906955.1,43.9,5.0,AJ488501,52.1,7.0,26.5,25.0,28.0,35.0,28.0,UP000464524
256,Maricaulis maris,74318,CM11,Bacteria,Proteobacteria,Alphaproteobacteria,Rhodobacterales,Hyphomonadaceae,Maricaulis,GCA_000014745.1,62.7,3.4,AJ227802,55.0,15.0,22.5,20.0,25.0,35.0,20.0,UP000273675
257,Marinobacterium aestuarii,1821621,ST58-10,Bacteria,Proteobacteria,Gammaproteobacteria,Oceanospirillales,Oceanospirillaceae,Marinobacterium,GCA_001651805.1,58.8,5.2,KU886021,54.4,4.0,22.5,20.0,25.0,35.0,31.0,UP000078070
258,Chitinophaga caeni,2029983,13,Bacteria,Bacteroidetes,Chitinophagia,Chitinophagales,Chitinophagaceae,Chitinophaga,GCA_002557795.1,42.5,5.3,MF770265,56.5,10.0,30.0,,,34.0,24.0,UP000220133
259,Endomicrobium proavitum,1408281,Rsa215,Bacteria,Elusimicrobia,Endomicrobia,Endomicrobiales,Endomicrobiaceae,Endomicrobium,GCA_001027545.1,39.3,1.6,NR_156018,53.0,16.0,30.0,,,34.0,18.0,UP000035337
260,Brachybacterium ginsengisoli,1331682,DCY80,Bacteria,Actinobacteria,Actinobacteria,Micrococcales,Dermabacteraceae,Brachybacterium,GCA_002407065.1,71.6,4.0,KC876052,56.6,4.0,25.0,,,34.0,30.0,UP000217889
261,Lutibacter profundi,1622118,LP1,Bacteria,Bacteroidetes,Flavobacteriia,Flavobacteriales,Flavobacteriaceae,Lutibacter,GCA_001543325.1,29.8,3.0,KP704270,49.8,13.0,23.0,,,34.0,21.0,UP000059672
262,Planctopirus ephydatiae,2528019,spb1,Bacteria,Planctomycetes,Planctomycetia,Planctomycetales,Planctomycetaceae,Planctopirus,GCA_007752345.1,53.8,5.2,MK559993,56.1,15.0,30.0,,,33.0,18.0,UP000315349
263,Rufibacter tibetensis,512763,1351,Bacteria,Bacteroidetes,Cytophagia,Cytophagales,Hymenobacteraceae,Rufibacter,GCA_001310085.1,,5.4,EU543663,56.1,18.0,30.0,,,33.0,15.0,UP000061382
264,Sulfurospirillum multivorans,66821,DSM 12446,Bacteria,Proteobacteria,Epsilonproteobacteria,Campylobacterales,Campylobacteraceae,Sulfurospirillum,GCA_000568815.1,40.9,3.2,X82931,49.4,15.0,30.0,,,33.0,18.0,UP000323483
265,Spirochaeta perfilievii,252967,P,Bacteria,Spirochaetes,Spirochaetia,Spirochaetales,Spirochaetaceae,Spirochaeta,GCA_008329945.1,32.6,3.7,AY337318,51.0,4.0,29.0,28.0,30.0,32.0,28.0,UP000323824
266,Paenibacillus antarcticus,253703,20CM,Bacteria,Firmicutes,Bacilli,Bacillales,Paenibacillaceae,Paenibacillus,GCA_008369725.1,40.6,5.4,AJ605292,54.3,4.0,12.5,10.0,15.0,31.0,27.0,UP000077355
267,Tetragenococcus osmophilus,526944, T1,Bacteria,Firmicutes,Bacilli,Lactobacillales,Enterococcaceae,Tetragenococcus,GCA_003795125.1,36.3,2.4,EU522083,54.8,15.0,30.0,,,30.0,15.0,UP000268310
268,Virgibacillus phasianinus,2017483,LM2416 ,Bacteria,Firmicutes,Bacilli,Bacillales,Bacillaceae,Virgibacillus,GCA_002216775.1,39.5,4.1,KY785406,54.7,10.0,30.0,,,30.0,20.0,UP000198312
269,Phreatobacter stygius,1940610,YC6-17,Bacteria,Proteobacteria,Alphaproteobacteria,,,Phreatobacter,GCA_005144885.1,66.7,7.4,LT719153,55.8,10.0,30.0,,,30.0,20.0,UP000298781
270,Pigmentiphaga aceris,1940612,SAP-32,Bacteria,Proteobacteria,Betaproteobacteria,Burkholderiales,Alcaligenaceae,Pigmentiphaga,GCA_008119665.1,61.4,6.2,LT719155,54.5,10.0,30.0,,,30.0,20.0,UP000325161
271,Pseudomonas kribbensis,1628086,Feb-46,Bacteria,Proteobacteria,Gammaproteobacteria,Pseudomonadales,Pseudomonadaceae,Pseudomonas,GCA_003352185.1,60.5,6.3,KT321658,53.8,4.0,30.0,,,30.0,26.0,UP000297555
272,Spirosoma montaniterrae,1178516, DY10,Bacteria,Bacteroidetes,Cytophagia,Cytophagales,Cytophagaceae,Spirosoma,GCA_001988955.1,52.7,5.8,JQ958375,55.7,10.0,30.0,,,30.0,20.0,UP000187941
273,Paenibacillus swuensis,1178515,DY6,Bacteria,Firmicutes,Bacilli,Bacillales,Paenibacillaceae,Paenibacillus,GCA_001644605.1,48.9,5.0,JQ958374,54.9,10.0,30.0,,,30.0,20.0,UP000076927
274,Fimbriimonas ginsengisoli,1005039,Gsoil 348,Bacteria,Armatimonadetes,Fimbriimonadia,Fimbriimonadales,Fimbriimonadaceae,Fimbriimonas,GCA_000724625.1,60.8,5.2,GQ339893,55.6,15.0,30.0,,,30.0,15.0,UP000727962
275,Fuerstia marisgermanicae,1891926,NH11,Bacteria,Planctomycetes,Planctomycetia,Planctomycetales,Planctomycetaceae,Fuerstia,GCA_001983935.1,55.9,8.9,KX757851,54.4,20.0,28.0,,,30.0,10.0,UP000187735
276,Agromyces aureus,453304,AR33,Bacteria,Actinobacteria,Actinobacteria,Micrococcales,Microbacteriaceae,Agromyces,GCA_001660485.1,70.4,4.4,KU141338,56.8,10.0,28.0,,,30.0,20.0,UP000078437
277,Planococcus versutus,1302659, L10.15,Bacteria,Firmicutes,Bacilli,Bacillales,Planococcaceae,Planococcus,GCA_001186155.3,39.4,3.3,KX516729,55.9,4.0,26.0,,,30.0,26.0,UP000053354
278,Flavobacterium sangjuense,2518177,GS03,Bacteria,Bacteroidetes,Flavobacteriia,Flavobacteriales,Flavobacteriaceae,Flavobacterium,GCA_004797125.1,36.1,3.1,MH168564,51.0,4.0,25.0,,,30.0,26.0,UP000296862
279,Cohnella abietis,2507935,HS21,Bacteria,Firmicutes,Bacilli,Bacillales,Paenibacillaceae,Cohnella,GCA_004295585.1,44.8,7.1,MK418450,55.4,4.0,25.0,,,30.0,26.0,UP000289856
280,Nocardioides baekrokdamisoli,1804624,B2-12,Bacteria,Actinobacteria,Actinobacteria,Propionibacteriales,Nocardioidaceae,Nocardioides,GCA_003945325.1,67.0,3.0,LC127008,57.5,15.0,25.0,,,30.0,15.0,UP000271573
281,Echinicola strongylocentroti,1795355,MEBiC08714,Bacteria,Bacteroidetes,Cytophagia,Cytophagales,Cyclobacteriaceae,Echinicola,GCA_003260975.1,44.1,6.3,KU647633,55.5,20.0,25.0,,,30.0,10.0,UP000248688
282,Flavobacterium crassostreae,1763534,LPB0076,Bacteria,Bacteroidetes,Flavobacteriia,Flavobacteriales,Flavobacteriaceae,Flavobacterium,GCA_001831475.1,36.0,3.0,KU057346,50.3,15.0,25.0,,,30.0,15.0,UP000093510
283,Hymenobacter sedentarius,1411621,DG5B,Bacteria,Bacteroidetes,Cytophagia,Cytophagales,Hymenobacteraceae,Hymenobacter,GCA_001507645.1,61.0,4.9,KF601295,56.7,10.0,25.0,,,30.0,20.0,UP000059542
284,Nitrosospira lacus,1288494,APG3,Bacteria,Proteobacteria,Betaproteobacteria,Nitrosomonadales,Nitrosomonadaceae,Nitrosospira,GCA_000355765.4,53.6,3.3,KC477402,54.5,4.0,25.0,,,30.0,26.0,UP000012179
285,Mariniblastus fucicola,980251,FC18,Bacteria,Planctomycetes,Planctomycetia,Planctomycetales,Planctomycetaceae,Mariniblastus,GCA_008087665.1,53.4,6.6,HQ845450,52.7,10.0,25.0,,,30.0,20.0,UP000322214
286,Litoricola lipolytica,418701,IMCC1097,Bacteria,Proteobacteria,Gammaproteobacteria,Oceanospirillales,Litoricolaceae,Litoricola,GCA_009650135.1,58.8,2.3,EF176580,53.7,15.0,25.0,,,30.0,15.0,UP000388235
287,Methylocystis heyeri,391905,H2,Bacteria,Proteobacteria,Alphaproteobacteria,Rhizobiales,Methylocystaceae,Methylocystis,GCA_004802635.2,63.0,4.7,AM283543,56.1,5.0,25.0,,,30.0,25.0,UP000309061
288,Inhella inkyongensis,392593,IMCC1713,Bacteria,Proteobacteria,Betaproteobacteria,Burkholderiales,,Inhella,GCA_005952805.1,66.2,4.1,DQ664238,56.1,15.0,25.0,,,30.0,15.0,UP000554837
289,Pedobacter ginsengisoli,363852,Gsoil 104,Bacteria,Bacteroidetes,Sphingobacteriia,Sphingobacteriales,Sphingobacteriaceae,Pedobacter,GCA_002736205.1,37.8,5.4,AB245371,51.2,4.0,25.0,,,30.0,26.0,UP000223749
290,Rhodoferax ferrireducens,192843,T118,Bacteria,Proteobacteria,Betaproteobacteria,Burkholderiales,Comamonadaceae,Rhodoferax,GCA_000013605.1,,5.0,AF435948,54.4,4.0,25.0,,,30.0,26.0,UP000192505
291,Herminiimonas arsenicoxydans,204773,ULPAs1,Bacteria,Proteobacteria,Betaproteobacteria,Burkholderiales,Oxalobacteraceae,Herminiimonas,GCA_000026125.1,54.3,3.4,AY728038,51.7,4.0,25.0,,,30.0,26.0,UP000006697
292,Arcticibacterium luteifluviistationis,1784714,SM1504,Bacteria,Bacteroidetes,Cytophagia,Cytophagales,Cytophagaceae,Arcticibacterium,GCA_003258705.1,37.2,5.4,KU529276,50.0,4.0,20.0,,,30.0,26.0,UP000249873
293,Rhodoferax saidenbachensis,1484693,ED16,Bacteria,Proteobacteria,Betaproteobacteria,Burkholderiales,Comamonadaceae,Rhodoferax,GCA_001955715.1,60.9,4.3,FJ755906,53.8,4.0,20.0,,,30.0,26.0,UP000186110
294,Kordia antarctica,1218801,IMCC3317,Bacteria,Bacteroidetes,Flavobacteriia,Flavobacteriales,Flavobacteriaceae,Kordia,GCA_009901525.1,33.2,5.5,JX456458,49.6,4.0,20.0,,,30.0,26.0,UP000464657
295,Flavobacterium faecale,1355330,WV33,Bacteria,Bacteroidetes,Flavobacteriia,Flavobacteriales,Flavobacteriaceae,Flavobacterium,GCA_003076455.1,35.2,4.6,KF214259,50.3,10.0,16.0,,,30.0,20.0,UP000244527
296,Mariprofundus aestuarium,1921086,CP-5,Bacteria,Proteobacteria,Zetaproteobacteria,Mariprofundales,Mariprofundaceae,Mariprofundus,GCA_002795805.1,51.5,2.5,CP018799,52.5,10.0,27.5,20.0,35.0,30.0,20.0,UP000231701
297,Spirosoma radiotolerans,1379870,DG5A,Bacteria,Bacteroidetes,Cytophagia,Cytophagales,Cytophagaceae,Spirosoma,GCA_000974425.1,49.5,7.0,KF303585,54.5,10.0,27.5,25.0,30.0,30.0,20.0,UP000033054
298,Gemmatimonas phototrophica,1379270,AP64,Bacteria,Gemmatimonadetes,Gemmatimonadetes,Gemmatimonadales,Gemmatimonadaceae,Gemmatimonas,GCA_000695095.2,64.4,4.7,KF481682,60.5,16.0,27.5,25.0,30.0,30.0,14.0,UP000076404
299,Ferriphaselus amnicola,1188319,OYT1,Bacteria,Proteobacteria,Betaproteobacteria,Nitrosomonadales,Gallionellaceae,Ferriphaselus,GCA_000974685.2,55.9,2.7,AB720115,53.4,8.0,27.5,25.0,30.0,30.0,22.0,UP000033070
300,Flavisolibacter ginsenosidimutans,661481,Gsoil 636,Bacteria,Bacteroidetes,Chitinophagia,Chitinophagales,Chitinophagaceae,Flavisolibacter,GCA_007970805.1,46.4,5.1,GQ339897,51.4,18.0,27.5,25.0,30.0,30.0,12.0,UP000321204
301,Labilithrix luteola,1391654,B00002,Bacteria,Proteobacteria,Deltaproteobacteria,Myxococcales,Labilitrichaceae,Labilithrix,GCA_001263205.1,66.1,12.2,AB847449,55.8,15.0,25.0,20.0,30.0,30.0,15.0,UP000064967
302,Phaeobacter porticola,1844006,P97,Bacteria,Proteobacteria,Alphaproteobacteria,Rhodobacterales,Rhodobacteraceae,Phaeobacter,GCA_001888185.1,58.6,4.2,KX163077,54.8,4.0,24.0,20.0,28.0,30.0,26.0,UP000183859
303,Luteipulveratus mongoliensis,571913,MN07-A0370,Bacteria,Actinobacteria,Actinobacteria,Micrococcales,Dermacoccaceae,Luteipulveratus,GCA_001190945.1,68.2,5.4,AB468971,56.7,10.0,24.0,20.0,28.0,30.0,20.0,UP000066480
304,Pedobacter steynii,430522,WB 2.3-45 ,Bacteria,Bacteroidetes,Sphingobacteriia,Sphingobacteriales,Sphingobacteriaceae,Pedobacter,GCA_001721645.1,,6.6,AM491372,51.0,10.0,26.0,25.0,27.0,30.0,20.0,UP000183200
305,Pseudoalteromonas aliena,247523,SW19 ,Bacteria,Proteobacteria,Gammaproteobacteria,Alteromonadales,Pseudoalteromonadaceae,Pseudoalteromonas,GCA_001999225.1,39.1,4.6,AY387858,53.2,4.0,23.5,22.0,25.0,30.0,26.0,UP000188243
306,Paenibacillus donghaensis,414771,JH8,Bacteria,Firmicutes,Bacilli,Bacillales,Paenibacillaceae,Paenibacillus,GCA_002192415.1,49.7,8.5,EF079062,55.0,4.0,22.5,20.0,25.0,30.0,26.0,UP000249890
307,Flavobacterium branchiophilum,55197,Wakabayashi BGD-7721,Bacteria,Bacteroidetes,Flavobacteriia,Flavobacteriales,Flavobacteriaceae,Flavobacterium,GCA_000253275.1,32.9,3.6,D14017,47.0,5.0,21.5,18.0,25.0,30.0,25.0,UP000320773
308,Paludisphaera borealis,1387353,PX4,Bacteria,Planctomycetes,Planctomycetia,Planctomycetales,Isosphaeraceae,Paludisphaera,GCA_001956985.1,66.2,7.7,KF467528,61.0,6.0,20.0,15.0,25.0,30.0,24.0,UP000186309
309,Methylocella silvestris,199596,BL2,Bacteria,Proteobacteria,Alphaproteobacteria,Rhizobiales,Beijerinckiaceae,Methylocella,GCA_000021745.1,63.1,4.3,AJ491847,55.6,4.0,20.0,15.0,25.0,30.0,26.0,UP000236286
310,Oceanicoccus sagamiensis,716816,PZ-5,Bacteria,Proteobacteria,Gammaproteobacteria,Cellvibrionales,Spongiibacteraceae,Oceanicoccus,GCA_002117105.1,47.7,4.5,AB545809,53.5,10.0,17.5,15.0,20.0,30.0,20.0,UP000193450
311,Ichthyobacterium seriolicida,242600,JBKA-6,Bacteria,Bacteroidetes,Flavobacteriia,Flavobacteriales,Ichthyobacteriaceae,Ichthyobacterium,GCA_002369955.1,32.8,1.9,AB713897,49.2,18.0,26.0,,,28.0,10.0,UP000243197
312,Cryobacterium arcticum,670052,SK1,Bacteria,Actinobacteria,Actinobacteria,Micrococcales,Microbacteriaceae,Cryobacterium,GCA_001679725.1,68.4,4.4,GQ406814,56.3,-6.0,20.0,,,28.0,34.0,UP000246722
313,Granulicella mallensis,940614,MP5ACTX8 ,Bacteria,Acidobacteria,Acidobacteriia,Acidobacteriales,Acidobacteriaceae,Granulicella,GCA_000178955.2,57.9,6.2,HQ687087,54.3,4.0,25.5,24.0,27.0,28.0,24.0,UP000584867
314,Halocynthiibacter arcticus,1579316,PAMC 20958 ,Bacteria,Proteobacteria,Alphaproteobacteria,Rhodobacterales,Rhodobacteraceae,Halocynthiibacter,GCA_000812665.2,53.2,4.4,KP197665,54.5,10.0,21.0,,,27.0,17.0,UP000070371
315,Marisediminicola antarctica,674079,ZS314,Bacteria,Actinobacteria,Actinobacteria,Micrococcales,Microbacteriaceae,Marisediminicola,GCA_009930795.1,67.2,3.4,GQ496083,55.6,0.0,20.5,18.0,23.0,26.0,26.0,UP000464507
316,Tenacibaculum todarodis,1850252,LPB0136,Bacteria,Bacteroidetes,Flavobacteriia,Flavobacteriales,Flavobacteriaceae,Tenacibaculum,GCA_001889045.1,30.7,3.0,KX066858,50.0,4.0,25.0,,,25.0,21.0,UP000181898
317,Hymenobacter nivis,1850093,P3,Bacteria,Bacteroidetes,Cytophagia,Cytophagales,Hymenobacteraceae,Hymenobacter,GCA_003149515.1,62.5,5.0,LC153096,57.4,0.0,15.0,,,25.0,25.0,UP000317646
318,Arthrobacter alpinus,656366,S6-3 ,Bacteria,Actinobacteria,Actinobacteria,Micrococcales,Micrococcaceae,Arthrobacter,GCA_001445575.1,60.6,4.3,GQ227413,55.9,1.0,22.5,20.0,25.0,25.0,24.0,UP000182725
319,Colwellia beringensis,1967665,NB097-1,Bacteria,Proteobacteria,Gammaproteobacteria,Alteromonadales,Colwelliaceae,Colwellia,GCA_002076895.1,38.5,4.7,MG016490,52.6,0.0,11.5,10.0,13.0,25.0,25.0,UP000202259
320,Paenisporosarcina antarctica,417367,N-05(,Bacteria,Firmicutes,Bacilli,Bacillales,Planococcaceae,Paenisporosarcina,GCA_004367585.1,37.0,4.0,EF154512,54.4,0.0,17.5,17.0,18.0,23.0,23.0,UP000294292
321,Shewanella psychrophila,225848,WP2,Bacteria,Proteobacteria,Gammaproteobacteria,Alteromonadales,Shewanellaceae,Shewanella,GCA_002005305.1,44.3,6.4,AJ551089,53.3,0.0,12.5,10.0,15.0,20.0,20.0,UP000189545
322,Reinekea forsetii,1336806,Hel1_31_D35,Bacteria,Proteobacteria,Gammaproteobacteria,Oceanospirillales,Saccharospirillaceae,Reinekea,GCA_002795845.1,53.0,3.7,CP011797,53.7,4.0,12.0,,,19.0,15.0,UP000229757
